LOCALIDAD,FECHA,HORA,DV,DR,RV,RR,TEMP,HR,PA,PPT,RS
CUMBRES,14/04/2026,0.340277778,219,237,0.7,2.9,19.7,74,930.2,0,0
CUMBRES,14/04/2026,0.333333333,75,38,1,2.9,19.7,69,930.2,0,0
CUMBRES,14/04/2026,0.326388889,75,57,1.5,4,19.7,63,930.1,0,0
CUMBRES,14/04/2026,0.319444444,80,67,1.3,4.3,19.6,71,930.2,0,0
CUMBRES,14/04/2026,0.3125,27,51,2,5.8,19.5,76,930.2,0,0
CUMBRES,14/04/2026,0.305555556,43,66,1.6,6.1,19.5,78,930,0,0
CUMBRES,14/04/2026,0.298611111,43,70,1.1,3.2,19.5,83,929.9,0,0
CUMBRES,14/04/2026,0.291666667,33,34,1,3.2,19.5,88,929.8,0,0
CUMBRES,14/04/2026,0.284722222,135,53,0.4,2.2,19.5,96,929.7,0,0
CUMBRES,14/04/2026,0.277777778,106,184,0.7,2.5,19.5,98,929.7,0,0
CUMBRES,14/04/2026,0.270833333,59,28,0.8,2.2,19.5,100,929.6,0,0
CUMBRES,14/04/2026,0.263888889,99,106,1.2,3.2,19.5,100,929.5,0,0
CUMBRES,14/04/2026,0.256944444,60,64,1.7,5,19.5,100,929.4,0,0
CUMBRES,14/04/2026,0.25,3,15,1.2,4.3,19.5,100,929.4,0,0
CUMBRES,14/04/2026,0.243055556,43,47,2.8,7.2,19.5,100,929.3,0,0
CUMBRES,14/04/2026,0.236111111,53,39,3.2,7.9,19.6,100,929.2,0,0
CUMBRES,14/04/2026,0.229166667,48,34,4.5,10.1,19.6,100,929.3,0,0
CUMBRES,14/04/2026,0.222222222,44,62,4.7,11.9,19.7,100,929.3,0,0
CUMBRES,14/04/2026,0.215277778,44,46,5.8,13.3,19.8,100,929.3,0,0
CUMBRES,14/04/2026,0.208333333,53,70,5.6,13,20,100,929.3,0,0
CUMBRES,14/04/2026,0.201388889,43,27,1.5,6.5,20.1,100,929.3,0,0
CUMBRES,14/04/2026,0.194444444,141,93,0.7,4,20.1,100,929.2,0,0
CUMBRES,14/04/2026,0.1875,71,35,2.3,5,20.2,100,929.2,0,0
CUMBRES,14/04/2026,0.180555556,55,17,1.9,4.7,20.2,100,929.2,0,0
CUMBRES,14/04/2026,0.173611111,352,28,1.9,6.5,20.2,100,929.2,0,0
CUMBRES,14/04/2026,0.166666667,352,32,2.9,5.8,20.2,100,929.2,0,0
CUMBRES,14/04/2026,0.159722222,31,41,3.1,7.9,20.3,100,929.2,0,0
CUMBRES,14/04/2026,0.152777778,22,50,4.8,11.9,20.3,100,929.2,0,0
CUMBRES,14/04/2026,0.145833333,355,0,3.4,8.6,20.4,100,929.3,0,0
CUMBRES,14/04/2026,0.138888889,7,24,1.8,5.8,20.5,100,929.2,0,0
CUMBRES,14/04/2026,0.131944444,94,36,2.2,9.7,20.6,100,929.2,0,0
CUMBRES,14/04/2026,0.125,11,37,3.9,13,20.6,100,929.2,0,0
CUMBRES,14/04/2026,0.118055556,1,20,2.8,9,20.6,100,929.2,0,0
CUMBRES,14/04/2026,0.111111111,28,51,3.8,9.7,20.6,100,929.4,0,0
CUMBRES,14/04/2026,0.104166667,35,30,4.6,12.2,20.6,100,929.5,0,0
CUMBRES,14/04/2026,0.097222222,23,51,7,18.7,20.8,100,929.5,0,0
CUMBRES,14/04/2026,0.090277778,32,30,6.9,15.8,21,100,929.6,0,0
CUMBRES,14/04/2026,0.083333333,30,46,6.5,19.1,21.2,100,929.8,0,0
CUMBRES,14/04/2026,0.076388889,38,50,7.3,18.4,21.5,100,929.9,0,0
CUMBRES,14/04/2026,0.069444444,27,27,4.9,14,21.6,100,930,0,0
CUMBRES,14/04/2026,0.0625,30,54,6.4,14.4,21.7,100,930.2,0,0
CUMBRES,14/04/2026,0.055555556,38,61,5.9,19.1,21.8,100,930.3,0,0
CUMBRES,14/04/2026,0.048611111,33,13,6.7,15.5,21.7,100,930.3,0,0
CUMBRES,14/04/2026,0.041666667,25,27,6,14.4,21.6,100,930.4,0,0
CUMBRES,14/04/2026,0.034722222,43,46,4.7,14.4,21.4,100,930.5,0,0
CUMBRES,14/04/2026,0.027777778,351,19,2.2,6.8,21.2,100,930.6,0,0
CUMBRES,14/04/2026,0.020833333,229,183,1.9,4.3,21.2,100,930.7,0,0
CUMBRES,14/04/2026,0.013888889,213,200,2.4,5.4,21.2,100,930.6,0,0
CUMBRES,14/04/2026,0.006944444,248,192,1.7,4.7,21.3,100,930.6,0,0
CUMBRES,14/04/2026,0,195,194,4.2,9,21.5,100,930.6,0,0
CUMBRES,13/04/2026,0.993055556,59,49,4.2,17.6,21.6,100,930.6,0,0
CUMBRES,13/04/2026,0.986111111,65,348,3.9,11.9,21.4,100,930.6,0,0
CUMBRES,13/04/2026,0.979166667,115,35,3.3,13,21.4,100,930.6,0,0
CUMBRES,13/04/2026,0.972222222,176,209,2.9,6.5,21.6,100,930.7,0,0
CUMBRES,13/04/2026,0.965277778,263,216,2.7,6.8,22.1,100,930.7,0,0
CUMBRES,13/04/2026,0.958333333,103,36,3.2,9,22.8,100,930.8,0,0
CUMBRES,13/04/2026,0.951388889,13,35,6.4,16.6,23,100,930.8,0,0
CUMBRES,13/04/2026,0.944444444,10,22,8.9,19.1,23.2,100,930.9,0,0
CUMBRES,13/04/2026,0.9375,15,31,6.8,18,23.4,100,930.9,0,0
CUMBRES,13/04/2026,0.930555556,22,54,5.4,13.3,23.6,100,930.9,0,0
CUMBRES,13/04/2026,0.923611111,7,2,7.6,18,23.7,100,930.9,0,0
CUMBRES,13/04/2026,0.916666667,4,356,7.8,18.4,23.8,100,930.8,0,0
CUMBRES,13/04/2026,0.909722222,18,25,9.3,19.8,23.9,100,930.7,0,0
CUMBRES,13/04/2026,0.902777778,13,6,10.5,21.2,24,100,930.7,0,0
CUMBRES,13/04/2026,0.895833333,13,352,10.1,21.6,24.2,100,930.6,0,0
CUMBRES,13/04/2026,0.888888889,1,336,9.3,19.1,24.4,100,930.5,0,0
CUMBRES,13/04/2026,0.881944444,5,9,10.8,22,24.5,100,930.3,0,0
CUMBRES,13/04/2026,0.875,353,33,10.1,26.3,24.7,97,930.3,0,0
CUMBRES,13/04/2026,0.868055556,349,328,12.2,26.6,24.9,92,930.2,0,0
CUMBRES,13/04/2026,0.861111111,352,331,12.5,31.3,25.1,89,930.1,0,0
CUMBRES,13/04/2026,0.854166667,350,13,13.2,24.1,25.1,84,929.9,0,0
CUMBRES,13/04/2026,0.847222222,352,354,9.3,22,25.3,78,929.9,0,0
CUMBRES,13/04/2026,0.840277778,11,31,10.3,23.4,25.3,74,929.8,0,0
CUMBRES,13/04/2026,0.833333333,5,356,7.6,15.8,25,74,929.7,0,0
CUMBRES,13/04/2026,0.826388889,358,355,6.3,12.6,25.1,75,929.6,0,0
CUMBRES,13/04/2026,0.819444444,359,25,7.7,17.6,25.2,71,929.6,0,0
CUMBRES,13/04/2026,0.8125,351,342,9.6,21.2,25,72,929.5,0,0
CUMBRES,13/04/2026,0.805555556,351,347,8.1,16.9,25.2,71,929.4,0,0
CUMBRES,13/04/2026,0.798611111,352,344,7.6,15.5,25.2,69,929.5,0,0
CUMBRES,13/04/2026,0.791666667,347,19,7.2,17.3,25.1,68,929.4,0,0
CUMBRES,13/04/2026,0.784722222,350,14,6.4,15.8,24.7,72,929.3,0,0
CUMBRES,13/04/2026,0.777777778,340,357,4.5,20.2,25.1,70,929.4,0,0
CUMBRES,13/04/2026,0.770833333,326,23,7.1,15.8,25.4,67,929.3,0,0
CUMBRES,13/04/2026,0.763888889,350,15,6.1,11.9,25.7,67,929.3,0,0
CUMBRES,13/04/2026,0.756944444,307,277,7.3,19.1,26,62,929.2,0,0
CUMBRES,13/04/2026,0.75,341,20,7.2,20.5,26.3,62,929.1,0,0
CUMBRES,13/04/2026,0.743055556,349,343,9.6,22.3,26.4,58,929.1,0,0
CUMBRES,13/04/2026,0.736111111,1,43,10.4,20.5,26.4,58,929,0,0
CUMBRES,13/04/2026,0.729166667,349,31,9.1,26.6,26.5,58,929,0,0
CUMBRES,13/04/2026,0.722222222,319,314,7,21.2,26.7,58,929.1,0,0
CUMBRES,13/04/2026,0.715277778,8,32,11.1,28.1,27,56,929.1,0,0
CUMBRES,13/04/2026,0.708333333,321,23,8.8,26.3,27.6,56,929.2,0,0
CUMBRES,13/04/2026,0.701388889,354,346,10.9,30.6,28.3,55,929.2,0,0
CUMBRES,13/04/2026,0.694444444,359,2,10.9,31.3,28.9,55,929.3,0,0
CUMBRES,13/04/2026,0.6875,310,351,7.4,16.9,29.4,54,929.4,0,0
CUMBRES,13/04/2026,0.680555556,346,316,6,19.1,29.2,53,929.4,0,0
CUMBRES,13/04/2026,0.673611111,152,242,6.2,17.6,28.8,54,929.6,0,0
CUMBRES,13/04/2026,0.666666667,28,25,9.7,27,29.1,55,929.7,0,0
CUMBRES,13/04/2026,0.659722222,41,53,12.3,33.1,29.3,54,929.9,0,0
CUMBRES,13/04/2026,0.652777778,24,14,9.5,29.2,29.8,54,930,0,0
CUMBRES,13/04/2026,0.645833333,28,23,9.4,26.6,29.8,55,930,0,0
CUMBRES,13/04/2026,0.638888889,32,33,9.8,22.3,29.5,57,930.2,0,0
CUMBRES,13/04/2026,0.631944444,32,18,10.7,28.4,29.4,56,930.4,0,0
CUMBRES,13/04/2026,0.625,35,58,11.5,27.7,29.1,57,930.5,0,0
CUMBRES,13/04/2026,0.618055556,31,57,10.7,29.9,29.2,57,930.7,0,0
CUMBRES,13/04/2026,0.611111111,28,55,9.8,29.9,28.5,59,930.8,0,0
CUMBRES,13/04/2026,0.604166667,39,28,7.8,21.2,29.2,58,930.9,0,0
CUMBRES,13/04/2026,0.597222222,49,60,5.6,17.6,29,60,930.9,0,0
CUMBRES,13/04/2026,0.590277778,9,55,5.6,17.3,28.9,61,931,0,0
CUMBRES,13/04/2026,0.583333333,58,49,4.1,13.7,28.8,61,931.1,0,0
CUMBRES,13/04/2026,0.576388889,86,82,4,11.2,28.6,62,931.2,0.2,0
CUMBRES,13/04/2026,0.569444444,44,68,4.9,15.8,28.8,61,931.3,0,0
CUMBRES,13/04/2026,0.5625,49,63,5.1,13.7,28.7,61,931.4,0,0
CUMBRES,13/04/2026,0.555555556,78,85,5.4,13.7,28.5,62,931.6,0,0
CUMBRES,13/04/2026,0.548611111,93,78,5,11.5,28.5,61,931.6,0,0
CUMBRES,13/04/2026,0.541666667,64,125,4.3,13.3,28.5,62,931.6,0,0
CUMBRES,13/04/2026,0.534722222,87,103,3.6,11.9,28.8,60,931.7,0,0
CUMBRES,13/04/2026,0.527777778,64,61,5.3,18.4,28.6,61,931.9,0,0
CUMBRES,13/04/2026,0.520833333,62,50,4.7,13.3,28.6,61,932.1,0,0
CUMBRES,13/04/2026,0.513888889,64,22,4.6,14.4,28.4,62,932.2,0,0
CUMBRES,13/04/2026,0.506944444,80,85,3.8,12.2,28.4,62,932.3,0,0
CUMBRES,13/04/2026,0.5,79,70,6.6,16.2,28.5,62,932.5,0,0
CUMBRES,13/04/2026,0.493055556,90,83,4.4,14.8,28.3,63,932.6,0,0
CUMBRES,13/04/2026,0.486111111,74,71,5.6,15.1,28,64,932.7,0,0
CUMBRES,13/04/2026,0.479166667,54,34,6.1,14,27.7,65,932.9,0,0
CUMBRES,13/04/2026,0.472222222,85,63,7.3,16.6,27.6,65,932.9,0,0
CUMBRES,13/04/2026,0.465277778,85,67,7.3,15.8,27.5,65,933,0,0
CUMBRES,13/04/2026,0.458333333,72,44,5.4,14,27.3,66,933.1,0,0
CUMBRES,13/04/2026,0.451388889,84,46,4.5,14.4,27,67,933.1,0,0
CUMBRES,13/04/2026,0.444444444,94,61,4.9,11.5,26.5,67,933,0,0
CUMBRES,13/04/2026,0.4375,114,69,4.4,12.2,26.1,69,933.1,0,0
CUMBRES,13/04/2026,0.430555556,93,65,4.2,10.8,26.1,69,933.2,0,0
CUMBRES,13/04/2026,0.423611111,88,59,5.7,14,25.6,72,933.2,0,0
CUMBRES,13/04/2026,0.416666667,82,81,4.6,11.2,25.2,77,933.2,0,0
CUMBRES,13/04/2026,0.409722222,79,63,6.3,13,24.7,92,933.2,0,0
CUMBRES,13/04/2026,0.402777778,76,62,4.3,12.6,24.2,97,933.2,0,0
CUMBRES,13/04/2026,0.395833333,85,52,5.7,11.2,23.5,100,933.2,0,0
CUMBRES,13/04/2026,0.388888889,82,99,5.8,11.2,23.2,100,933.1,0,0
CUMBRES,13/04/2026,0.381944444,68,65,4.9,13,22.7,100,933,0,0
CUMBRES,13/04/2026,0.375,91,85,4.3,8.3,22.1,100,933,0,0
CUMBRES,13/04/2026,0.368055556,89,71,3.4,6.8,21,100,933,0,0
CUMBRES,13/04/2026,0.361111111,86,64,2.9,5.8,19.9,65,933,0,0
CUMBRES,13/04/2026,0.354166667,97,82,2.9,6.5,19,0,933.1,0,0
CUMBRES,13/04/2026,0.347222222,108,92,2.5,6.1,18.3,0,933.1,0,0
CUMBRES,13/04/2026,0.340277778,102,87,3,6.5,17.8,0,933.1,0,0
CUMBRES,13/04/2026,0.333333333,123,109,2.5,5,17.4,0,933,0,0
CUMBRES,13/04/2026,0.326388889,94,90,1.9,5,17.3,0,932.9,0,0
CUMBRES,13/04/2026,0.319444444,93,51,0.5,2.5,16.7,0,932.8,0,0
CUMBRES,13/04/2026,0.3125,183,220,0.8,3.2,16.3,0,932.8,0,0
CUMBRES,13/04/2026,0.305555556,22,346,1.1,3.2,16,0,932.5,0,0
CUMBRES,13/04/2026,0.298611111,201,189,4,7.6,15.5,0,932.3,0,0
CUMBRES,13/04/2026,0.291666667,288,320,3,6.5,15.3,0,932.3,0,0
CUMBRES,13/04/2026,0.284722222,281,318,2.5,5,15.2,0,932.1,0,0
CUMBRES,13/04/2026,0.277777778,250,323,3.3,7.6,15,0,932,0,0
CUMBRES,13/04/2026,0.270833333,274,318,2.1,4.7,15.1,0,932.1,0,0
CUMBRES,13/04/2026,0.263888889,287,297,2.2,5.4,15.1,0,932,0,0
CUMBRES,13/04/2026,0.256944444,299,317,3.4,6.8,15,0,932,0,0
CUMBRES,13/04/2026,0.25,266,288,1.3,4.7,15.1,0,931.9,0,0
CUMBRES,13/04/2026,0.243055556,295,325,2.2,6.1,15.1,0,931.8,0,0
CUMBRES,13/04/2026,0.236111111,295,318,4.1,10.4,15.1,0,931.6,0,0
CUMBRES,13/04/2026,0.229166667,286,301,3.9,7.9,15.1,0,931.4,0,0
CUMBRES,13/04/2026,0.222222222,267,317,2.9,6.8,15.2,0,931.2,0,0
CUMBRES,13/04/2026,0.215277778,286,319,1.8,6.1,15.2,0,930.9,0,0
CUMBRES,13/04/2026,0.208333333,280,303,3.2,6.5,15.1,0,930.8,0,0
CUMBRES,13/04/2026,0.201388889,238,180,2.6,6.5,15.2,0,930.5,0,0
CUMBRES,13/04/2026,0.194444444,253,167,1.4,3.6,15.2,0,930.2,0,0
CUMBRES,13/04/2026,0.1875,287,228,2.3,6.1,15.2,0,930.1,0,0
CUMBRES,13/04/2026,0.180555556,287,309,2,5.4,15.3,0,930,0,0
CUMBRES,13/04/2026,0.173611111,246,202,3.2,6.1,15.3,0,929.9,0,0
CUMBRES,13/04/2026,0.166666667,277,196,1.2,3.2,15.3,0,929.8,0,0
CUMBRES,13/04/2026,0.159722222,291,348,2.3,5,15.3,0,930,0,0
CUMBRES,13/04/2026,0.152777778,268,221,1.7,4,15.4,0,930.1,0,0
CUMBRES,13/04/2026,0.145833333,212,147,1.1,4,15.5,0,930,0,0
CUMBRES,13/04/2026,0.138888889,246,336,2.3,5.4,15.5,0,930,0,0
CUMBRES,13/04/2026,0.131944444,242,318,2.2,4.7,15.6,0,930.2,0,0
CUMBRES,13/04/2026,0.125,225,212,3.7,9.7,15.5,8,930.3,0,0
CUMBRES,13/04/2026,0.118055556,279,312,3.8,9,15.5,25,930.6,0,0
CUMBRES,13/04/2026,0.111111111,266,306,3.1,6.8,15.6,32,930.7,0,0
CUMBRES,13/04/2026,0.104166667,293,321,2.9,7.2,15.7,44,930.7,0,0
CUMBRES,13/04/2026,0.097222222,274,300,1.5,4.3,16,15,930.9,0,0
CUMBRES,13/04/2026,0.090277778,265,292,2.6,7.2,16,6,931.1,0,0
CUMBRES,13/04/2026,0.083333333,257,296,2.7,8.3,15.9,34,931.1,0,0
CUMBRES,13/04/2026,0.076388889,269,315,3,5.8,16,49,931.1,0,0
CUMBRES,13/04/2026,0.069444444,352,332,1.3,3.6,16.2,40,931.1,0,0
CUMBRES,13/04/2026,0.0625,293,313,2.2,8.3,16.2,50,931.3,0,0
CUMBRES,13/04/2026,0.055555556,261,298,2.6,7.6,16.3,54,931.6,0,0
CUMBRES,13/04/2026,0.048611111,267,184,2.1,5,16.5,46,931.8,0,0
CUMBRES,13/04/2026,0.041666667,305,305,4.3,7.2,16.5,61,931.8,0,0
CUMBRES,13/04/2026,0.034722222,244,159,2.6,7.6,16.5,71,931.9,0,0
CUMBRES,13/04/2026,0.027777778,299,310,3.1,6.1,16.6,83,931.9,0,0
CUMBRES,13/04/2026,0.020833333,238,197,2.9,6.8,16.8,86,931.9,0,0
CUMBRES,13/04/2026,0.013888889,229,324,2.9,7.2,17,77,932.1,0,0
CUMBRES,13/04/2026,0.006944444,269,308,4.5,9,17,82,932.3,0,0
CUMBRES,13/04/2026,0,237,185,3.5,6.5,17,93,932.6,0,0
CUMBRES,12/04/2026,0.993055556,281,311,2.1,7.2,17.1,95,932.8,0,0
CUMBRES,12/04/2026,0.986111111,216,183,4.1,8.6,17.1,97,933,0,0
CUMBRES,12/04/2026,0.979166667,47,351,2.1,5.8,17.1,100,933.1,0,0
CUMBRES,12/04/2026,0.972222222,231,245,3.4,11.5,17.1,100,933,0,0
CUMBRES,12/04/2026,0.965277778,257,272,2,4.7,17.1,100,932.8,0,0
CUMBRES,12/04/2026,0.958333333,243,203,2.2,5,17.2,100,932.7,0,0
CUMBRES,12/04/2026,0.951388889,300,280,2.5,8.6,17.3,100,932.6,0,0
CUMBRES,12/04/2026,0.944444444,267,291,2.5,6.5,17.4,100,932.5,0,0
CUMBRES,12/04/2026,0.9375,248,207,3.4,7.9,17.5,100,932.4,0,0
CUMBRES,12/04/2026,0.930555556,207,201,3.3,7.6,17.6,100,932.3,0,0
CUMBRES,12/04/2026,0.923611111,316,307,2.9,5.8,17.7,100,932.1,0,0
CUMBRES,12/04/2026,0.916666667,281,325,3.3,7.6,17.9,100,932.1,0,0
CUMBRES,12/04/2026,0.909722222,235,170,2.8,6.8,18.1,100,932.1,0,0
CUMBRES,12/04/2026,0.902777778,277,280,2.2,5.8,18.4,100,932.1,0,0
CUMBRES,12/04/2026,0.895833333,233,214,2.6,7.9,18.6,100,931.8,0,0
CUMBRES,12/04/2026,0.888888889,259,223,1.7,7.6,18.8,100,931.8,0,0
CUMBRES,12/04/2026,0.881944444,267,213,3.6,7.9,19,100,931.8,0,0
CUMBRES,12/04/2026,0.875,270,310,2.5,6.5,19.3,100,931.5,0,0
CUMBRES,12/04/2026,0.868055556,248,212,1.9,5,19.6,100,931.6,0,0
CUMBRES,12/04/2026,0.861111111,300,298,4.7,11.9,19.8,100,931.5,0,0
CUMBRES,12/04/2026,0.854166667,360,30,4.2,10.1,20.1,100,931.2,0,0
CUMBRES,12/04/2026,0.847222222,328,308,3.6,9.7,20.4,100,931.1,0,0
CUMBRES,12/04/2026,0.840277778,8,354,4.1,13,20.7,100,931.1,0,0
CUMBRES,12/04/2026,0.833333333,1,341,4.4,11.5,21.1,100,931,0,0
CUMBRES,12/04/2026,0.826388889,244,243,2.2,7.6,21.6,100,930.9,0,0
CUMBRES,12/04/2026,0.819444444,28,28,5.4,15.8,22,100,930.9,0,0
CUMBRES,12/04/2026,0.8125,1,36,7.7,21.2,22,100,930.8,0,0
CUMBRES,12/04/2026,0.805555556,24,31,6.8,22,21.9,100,930.7,0,0
CUMBRES,12/04/2026,0.798611111,192,205,3.4,9,22.6,100,930.3,0,0
CUMBRES,12/04/2026,0.791666667,73,53,5.3,19.8,23.1,96,929.7,0,0
CUMBRES,12/04/2026,0.784722222,10,3,9.3,19.8,22.8,98,929.6,0,0
CUMBRES,12/04/2026,0.777777778,84,48,4,14.8,22.6,100,929.4,0,0
CUMBRES,12/04/2026,0.770833333,354,347,5.4,13,22.9,100,929.4,0,0
CUMBRES,12/04/2026,0.763888889,339,18,10,24.1,23.3,100,929.2,0,0
CUMBRES,12/04/2026,0.756944444,61,44,8.1,24.1,23.5,99,929.3,0,0
CUMBRES,12/04/2026,0.75,22,356,7.2,23.8,23.7,98,929.5,0,0
CUMBRES,12/04/2026,0.743055556,71,85,8.7,24.8,24,95,929.7,0,0
CUMBRES,12/04/2026,0.736111111,84,43,7.7,21.2,24.2,89,930.2,0,0
CUMBRES,12/04/2026,0.729166667,185,197,7.4,23.4,24.3,90,930.3,0,0
CUMBRES,12/04/2026,0.722222222,315,199,4.7,29.5,24.2,98,929.9,0.2,0
CUMBRES,12/04/2026,0.715277778,208,197,4.5,10.4,24.5,100,929.7,0,0
CUMBRES,12/04/2026,0.708333333,19,75,1.5,5,24.5,100,929.4,0,0
CUMBRES,12/04/2026,0.701388889,128,69,1.4,4.3,24.3,99,929.3,0,0
CUMBRES,12/04/2026,0.694444444,287,299,3.5,10.1,23.7,99,929.6,0,0
CUMBRES,12/04/2026,0.6875,29,31,5.6,11.9,22.7,100,929.9,0,0
CUMBRES,12/04/2026,0.680555556,302,316,5.6,13,22.3,100,930.1,0,0
CUMBRES,12/04/2026,0.673611111,214,152,5.1,12.2,22.5,100,930.4,0,0
CUMBRES,12/04/2026,0.666666667,9,353,2.7,9,22.7,100,930.7,0,0
CUMBRES,12/04/2026,0.659722222,316,340,3.5,8.3,23.2,100,930.3,0,0
CUMBRES,12/04/2026,0.652777778,196,202,4.2,8.3,23.6,100,930.6,0,0
CUMBRES,12/04/2026,0.645833333,39,28,6.1,18.4,23.8,100,930.6,0,0
CUMBRES,12/04/2026,0.638888889,82,357,4.2,16.6,24,100,930.5,0,0
CUMBRES,12/04/2026,0.631944444,187,188,2.4,8.3,24.3,99,930.8,0,0
CUMBRES,12/04/2026,0.625,189,202,4,7.9,24.6,99,931.1,0,0
CUMBRES,12/04/2026,0.618055556,135,311,1.3,4.7,24.9,95,931.5,0,0
CUMBRES,12/04/2026,0.611111111,178,188,2.6,6.8,25.3,87,931.5,0,0
CUMBRES,12/04/2026,0.604166667,277,263,1.3,3.2,25.3,82,931.4,0,0
CUMBRES,12/04/2026,0.597222222,219,206,1.9,4.7,25.2,83,931.3,0,0
CUMBRES,12/04/2026,0.590277778,136,180,2.1,4.3,25.5,83,931.4,0,0
CUMBRES,12/04/2026,0.583333333,169,169,1.2,2.9,25.2,86,931.5,0,0
CUMBRES,12/04/2026,0.576388889,59,58,1.8,4.7,25.3,90,931.6,0,0
CUMBRES,12/04/2026,0.569444444,20,50,1.8,5.4,25,91,931.5,0,0
CUMBRES,12/04/2026,0.5625,268,236,2.3,4.3,24.1,100,931.7,0,0
CUMBRES,12/04/2026,0.555555556,151,130,2.7,6.1,23.9,100,931.9,0,0
CUMBRES,12/04/2026,0.548611111,141,116,1.4,3.6,23.4,100,932,0,0
CUMBRES,12/04/2026,0.541666667,153,138,3.3,5.8,22.8,100,932.1,0,0
CUMBRES,12/04/2026,0.534722222,176,197,2.8,5.4,22.5,100,932.2,0,0
CUMBRES,12/04/2026,0.527777778,185,189,2.9,5,22.5,100,932.3,0,0
CUMBRES,12/04/2026,0.520833333,223,191,1.6,4,22.6,100,932.4,0,0
CUMBRES,12/04/2026,0.513888889,226,213,2,4,22.6,100,932.3,0,0
CUMBRES,12/04/2026,0.506944444,215,197,3.3,5.4,22.7,100,932.3,0,0
CUMBRES,12/04/2026,0.5,173,182,1.7,5,22.8,100,932.5,0,0
CUMBRES,12/04/2026,0.493055556,91,95,2.3,6.5,22.9,100,932.4,0,0
CUMBRES,12/04/2026,0.486111111,316,20,1.2,3.2,22.8,100,932.4,0,0
CUMBRES,12/04/2026,0.479166667,324,351,1.6,4.3,22.5,100,932.4,0,0
CUMBRES,12/04/2026,0.472222222,199,175,1.7,4.7,22.3,100,932.5,0,0
CUMBRES,12/04/2026,0.465277778,198,180,1.5,4,22,100,932.5,0,0
CUMBRES,12/04/2026,0.458333333,203,190,2.8,5.4,21.8,100,932.6,0,0
CUMBRES,12/04/2026,0.451388889,112,93,2.7,6.8,21.7,100,932.6,0,0
CUMBRES,12/04/2026,0.444444444,89,91,5.3,11.5,21.7,100,932.7,0,0
CUMBRES,12/04/2026,0.4375,88,93,6,13,21.8,100,932.7,0,0
CUMBRES,12/04/2026,0.430555556,86,72,6.5,18.7,21.9,100,932.6,0,0
CUMBRES,12/04/2026,0.423611111,116,75,2.7,6.8,21.8,100,932.5,0,0
CUMBRES,12/04/2026,0.416666667,79,54,5.6,14,21.7,100,932.6,0,0
CUMBRES,12/04/2026,0.409722222,97,95,4.1,9.7,21.7,100,932.7,0,0
CUMBRES,12/04/2026,0.402777778,135,94,3.9,12.2,21.7,100,932.8,0,0
CUMBRES,12/04/2026,0.395833333,101,98,3.8,9.7,21.7,100,932.8,0,0
CUMBRES,12/04/2026,0.388888889,76,74,6.3,13.3,21.7,49,932.8,0,0
CUMBRES,12/04/2026,0.381944444,76,62,3.9,10.4,21.3,0,932.6,0,0
CUMBRES,12/04/2026,0.375,92,103,5,13.3,20.8,0,932.5,0,0
CUMBRES,12/04/2026,0.368055556,78,56,6.3,12.2,20.8,0,932.5,0,0
CUMBRES,12/04/2026,0.361111111,76,90,7.3,16.6,20.8,0,932.4,0,0
CUMBRES,12/04/2026,0.354166667,80,77,4.1,11.2,20.6,0,932.3,0,0
CUMBRES,12/04/2026,0.347222222,67,82,1.9,5.4,20.4,0,932.3,0,0
CUMBRES,12/04/2026,0.340277778,150,122,2.3,8.3,20.2,0,932.3,0,0
CUMBRES,12/04/2026,0.333333333,205,168,1,3.2,20.1,0,932.1,0,0
CUMBRES,12/04/2026,0.326388889,75,62,2.9,10.4,19.9,0,932,0,0
CUMBRES,12/04/2026,0.319444444,76,88,2.5,7.9,19.7,0,931.8,0,0
CUMBRES,12/04/2026,0.3125,118,166,1.3,3.2,19.6,0,931.6,0,0
CUMBRES,12/04/2026,0.305555556,225,198,1.2,3.6,19.4,0,931.5,0,0
CUMBRES,12/04/2026,0.298611111,264,257,1.6,3.2,19.1,0,931.3,0,0
CUMBRES,12/04/2026,0.291666667,236,183,1.9,3.6,18.9,0,931.2,0,0
CUMBRES,12/04/2026,0.284722222,282,308,1.7,4.3,18.8,0,930.9,0,0
CUMBRES,12/04/2026,0.277777778,225,213,3.3,9.4,18.8,0,930.7,0,0
CUMBRES,12/04/2026,0.270833333,233,294,2.5,6.1,18.9,0,930.3,0,0
CUMBRES,12/04/2026,0.263888889,270,299,1.7,4.3,18.9,0,930.1,0,0
CUMBRES,12/04/2026,0.256944444,233,216,2.8,5.4,19,0,930,0,0
CUMBRES,12/04/2026,0.25,243,321,2.7,5.4,19,0,929.7,0,0
CUMBRES,12/04/2026,0.243055556,261,202,1.7,5.8,19,0,929.4,0,0
CUMBRES,12/04/2026,0.236111111,302,311,1.1,4.3,19.1,0,929.3,0,0
CUMBRES,12/04/2026,0.229166667,258,327,1.2,4,19,0,929.1,0,0
CUMBRES,12/04/2026,0.222222222,216,192,1.1,4.7,19,0,929.1,0,0
CUMBRES,12/04/2026,0.215277778,243,214,1.7,4.3,19,0,929.1,0,0
CUMBRES,12/04/2026,0.208333333,238,308,1.8,5,19,0,929.2,0,0
CUMBRES,12/04/2026,0.201388889,237,206,2.8,7.2,18.9,0,929.1,0,0
CUMBRES,12/04/2026,0.194444444,301,60,1.5,3.2,18.8,0,929,0,0
CUMBRES,12/04/2026,0.1875,266,212,1.6,3.6,18.8,0,928.8,0,0
CUMBRES,12/04/2026,0.180555556,197,190,3.1,5.4,18.8,0,928.7,0,0
CUMBRES,12/04/2026,0.173611111,252,298,2.5,5.8,18.7,0,928.6,0,0
CUMBRES,12/04/2026,0.166666667,209,196,3.4,7.6,18.7,0,928.7,0,0
CUMBRES,12/04/2026,0.159722222,218,184,1.3,5.4,18.8,0,928.8,0,0
CUMBRES,12/04/2026,0.152777778,72,72,0.7,2.5,18.8,0,928.8,0,0
CUMBRES,12/04/2026,0.145833333,210,195,2.9,6.5,18.8,0,928.9,0,0
CUMBRES,12/04/2026,0.138888889,268,239,0.8,3.6,18.8,0,928.9,0,0
CUMBRES,12/04/2026,0.131944444,198,223,2.9,6.1,18.8,2,929,0,0
CUMBRES,12/04/2026,0.125,291,310,2.4,3.6,18.9,16,929,0,0
CUMBRES,12/04/2026,0.118055556,224,196,3.1,5.4,19.2,1,929.1,0,0
CUMBRES,12/04/2026,0.111111111,248,178,2.1,4.7,19.3,1,929.2,0,0
CUMBRES,12/04/2026,0.104166667,237,207,2.1,5,19.5,24,929.3,0,0
CUMBRES,12/04/2026,0.097222222,234,211,1.3,4.3,19.8,10,929.4,0,0
CUMBRES,12/04/2026,0.090277778,225,172,2.5,4,20,0,929.5,0,0
CUMBRES,12/04/2026,0.083333333,289,342,1.9,3.2,20,0,929.7,0,0
CUMBRES,12/04/2026,0.076388889,193,190,2.3,4.3,20.1,0,929.9,0,0
CUMBRES,12/04/2026,0.069444444,353,29,2,8.6,20,5,930,0,0
CUMBRES,12/04/2026,0.0625,320,332,0.9,2.9,20.1,21,930,0,0
CUMBRES,12/04/2026,0.055555556,202,198,0.9,2.5,20.1,35,930.1,0,0
CUMBRES,12/04/2026,0.048611111,161,58,0.9,2.9,20.2,48,930.3,0,0
CUMBRES,12/04/2026,0.041666667,227,216,2.4,5.8,20.3,57,930.5,0,0
CUMBRES,12/04/2026,0.034722222,212,48,2.7,11.9,20.3,60,930.6,0,0
CUMBRES,12/04/2026,0.027777778,93,45,3.3,11.2,20.4,68,930.6,0.2,0
CUMBRES,12/04/2026,0.020833333,15,348,5.1,17.3,20.4,62,930.4,0,0
CUMBRES,12/04/2026,0.013888889,12,15,12.8,33.8,20.4,51,930.5,0,0
CUMBRES,12/04/2026,0.006944444,76,67,4,13.7,20.4,54,931.2,0,0
CUMBRES,12/04/2026,0,19,350,4.3,12.2,20.4,59,931.3,0,0
CUMBRES,11/04/2026,0.993055556,353,10,6,15.8,20.5,59,930.9,0,0
CUMBRES,11/04/2026,0.986111111,3,349,5.5,14.8,20.5,63,930.9,0,0
CUMBRES,11/04/2026,0.979166667,9,338,8.1,17.6,20.5,60,930.9,0,0
CUMBRES,11/04/2026,0.972222222,11,57,8.3,22.3,20.5,61,931.2,0,0
CUMBRES,11/04/2026,0.965277778,18,1,7.5,20.5,20.5,69,931.4,0,0
CUMBRES,11/04/2026,0.958333333,14,21,6.2,17.6,20.6,68,931.5,0,0
CUMBRES,11/04/2026,0.951388889,3,26,8.9,19.1,20.6,63,931.6,0,0
CUMBRES,11/04/2026,0.944444444,5,35,9.5,19.1,20.6,63,931.5,0,0
CUMBRES,11/04/2026,0.9375,7,38,11.2,22.3,20.7,61,931.4,0,0
CUMBRES,11/04/2026,0.930555556,356,2,9.5,20.5,20.7,69,931.4,0,0
CUMBRES,11/04/2026,0.923611111,5,359,8.3,18,20.7,71,931.4,0,0
CUMBRES,11/04/2026,0.916666667,358,18,8.6,19.4,20.6,64,931.5,0,0
CUMBRES,11/04/2026,0.909722222,351,6,7,19.1,20.5,66,931.5,0,0
CUMBRES,11/04/2026,0.902777778,355,354,8.4,17.6,20.3,66,931.5,0,0
CUMBRES,11/04/2026,0.895833333,346,351,6.2,12.2,20.3,79,931.4,0,0
CUMBRES,11/04/2026,0.888888889,346,354,8.3,19.1,20.1,84,931.4,0,0
CUMBRES,11/04/2026,0.881944444,339,20,8.2,19.8,20,78,931.4,0,0
CUMBRES,11/04/2026,0.875,332,356,10.5,23.4,19.6,93,931.4,0,0
CUMBRES,11/04/2026,0.868055556,347,44,7,18.4,19.4,99,931.3,0,0
CUMBRES,11/04/2026,0.861111111,202,233,3.8,7.6,19.4,100,931.2,0,0
CUMBRES,11/04/2026,0.854166667,306,321,3,9,19.4,100,931.2,0,0
CUMBRES,11/04/2026,0.847222222,246,232,2.5,6.8,19.5,100,931,0,0
CUMBRES,11/04/2026,0.840277778,239,192,2.9,9,19.7,100,930.4,0,0
CUMBRES,11/04/2026,0.833333333,23,335,2.4,11.9,20,100,930.3,0,0
CUMBRES,11/04/2026,0.826388889,319,315,5.4,10.4,20.3,100,930.8,0,0
CUMBRES,11/04/2026,0.819444444,162,156,2.5,8.3,20.6,100,931.2,0,0
CUMBRES,11/04/2026,0.8125,182,180,2.6,7.6,20.9,100,931.4,0,0
CUMBRES,11/04/2026,0.805555556,205,181,3.1,8.6,21.3,100,931.3,0,0
CUMBRES,11/04/2026,0.798611111,213,195,3.9,7.9,21.4,100,931.2,0,0
CUMBRES,11/04/2026,0.791666667,286,349,2.9,8.6,21.8,100,930.8,0,0
CUMBRES,11/04/2026,0.784722222,344,339,1.6,5.4,22.2,100,930.6,0,0
CUMBRES,11/04/2026,0.777777778,344,342,5,13.3,22.6,100,930.4,0,0
CUMBRES,11/04/2026,0.770833333,359,19,6,18.7,22.9,95,930.3,0,0
CUMBRES,11/04/2026,0.763888889,359,346,10.5,18.4,23.2,91,930.2,0,0
CUMBRES,11/04/2026,0.756944444,10,37,13.3,26.6,23.4,88,930,0,0
CUMBRES,11/04/2026,0.75,355,0,8.2,23,23.5,88,930.1,0,0
CUMBRES,11/04/2026,0.743055556,358,26,10.5,26.6,23.7,84,930,0,0
CUMBRES,11/04/2026,0.736111111,3,340,14.4,30.2,23.7,83,929.9,0,0
CUMBRES,11/04/2026,0.729166667,359,21,15.2,33.1,23.9,83,929.9,0,0
CUMBRES,11/04/2026,0.722222222,14,44,15.3,31,24.1,82,929.8,0,0
CUMBRES,11/04/2026,0.715277778,3,358,11.8,29.5,24.2,83,929.8,0,0
CUMBRES,11/04/2026,0.708333333,359,354,12,28.1,24,86,930,0,0
CUMBRES,11/04/2026,0.701388889,9,37,9.3,24.8,23.8,88,930.1,0,0
CUMBRES,11/04/2026,0.694444444,355,348,6.6,11.5,23.6,91,930.3,0,0
CUMBRES,11/04/2026,0.6875,349,348,6.4,22.3,23.5,96,930.5,0,0
CUMBRES,11/04/2026,0.680555556,340,336,6.3,17.6,23.5,96,930.5,0,0
CUMBRES,11/04/2026,0.673611111,334,327,7.3,15.8,23.8,94,930.6,0,0
CUMBRES,11/04/2026,0.666666667,354,346,8.3,24.1,24,85,930.6,0,0
CUMBRES,11/04/2026,0.659722222,29,2,10.4,32.4,24.3,81,930.8,0,0
CUMBRES,11/04/2026,0.652777778,19,24,12.6,37.1,24.4,83,930.7,0,0
CUMBRES,11/04/2026,0.645833333,10,37,10.6,27,24.5,86,930.8,0,0
CUMBRES,11/04/2026,0.638888889,11,42,11.2,25.9,24.2,91,931,0,0
CUMBRES,11/04/2026,0.631944444,20,0,12.2,36,24,97,931.2,0,0
CUMBRES,11/04/2026,0.625,21,45,10.4,24.1,24.1,99,931.3,0,0
CUMBRES,11/04/2026,0.618055556,19,54,10.9,23.8,24,100,931.5,0,0
CUMBRES,11/04/2026,0.611111111,25,21,11.4,36,23.8,100,931.6,0,0
CUMBRES,11/04/2026,0.604166667,23,21,11,26.6,23.8,100,931.6,0,0
CUMBRES,11/04/2026,0.597222222,32,25,11.7,27,24.1,100,931.8,0,0
CUMBRES,11/04/2026,0.590277778,8,23,11.9,27,23.8,100,932,0,0
CUMBRES,11/04/2026,0.583333333,13,353,7.6,16.2,23.3,100,932.2,0,0
CUMBRES,11/04/2026,0.576388889,22,59,6.4,19.1,23.4,100,932.3,0,0
CUMBRES,11/04/2026,0.569444444,18,60,7.8,18,23.1,100,932.4,0,0
CUMBRES,11/04/2026,0.5625,10,18,7.3,20.9,22.7,100,932.6,0,0
CUMBRES,11/04/2026,0.555555556,17,14,5.9,19.8,22.6,100,932.7,0,0
CUMBRES,11/04/2026,0.548611111,356,25,5.3,16.9,22.1,100,932.9,0,0
CUMBRES,11/04/2026,0.541666667,16,14,5,13.3,21.4,100,933,0,0
CUMBRES,11/04/2026,0.534722222,3,354,10.6,28.8,20.8,100,933.1,0,0
CUMBRES,11/04/2026,0.527777778,346,18,7.4,15.8,20.5,100,933.2,0,0
CUMBRES,11/04/2026,0.520833333,10,20,9.1,18.7,20.3,100,933.4,0,0
CUMBRES,11/04/2026,0.513888889,347,18,8,19.1,20.2,99,933.6,0,0
CUMBRES,11/04/2026,0.506944444,12,9,9.8,19.8,19.9,91,933.7,0,0
CUMBRES,11/04/2026,0.5,357,16,9.2,18.4,19.7,69,933.9,0,0
CUMBRES,11/04/2026,0.493055556,354,25,9.2,17.3,19.6,63,934,0,0
CUMBRES,11/04/2026,0.486111111,356,43,9,19.1,19.5,76,934.1,0,0
CUMBRES,11/04/2026,0.479166667,10,27,8.1,22.7,19.4,82,934.2,0,0
CUMBRES,11/04/2026,0.472222222,13,5,11.4,22.7,19.6,86,934.2,0,0
CUMBRES,11/04/2026,0.465277778,25,71,8.9,19.8,19.7,56,934.3,0,0
CUMBRES,11/04/2026,0.458333333,8,21,10,26.6,19.7,54,934.5,0,0
CUMBRES,11/04/2026,0.451388889,15,25,6.7,20.5,19.7,49,934.5,0,0
CUMBRES,11/04/2026,0.444444444,7,14,6.8,14.8,19.8,24,934.5,0,0
CUMBRES,11/04/2026,0.4375,2,36,6.3,16.2,19.7,3,934.5,0,0
CUMBRES,11/04/2026,0.430555556,3,9,6.1,15.5,19.6,0,934.4,0,0
CUMBRES,11/04/2026,0.423611111,8,28,6.2,18,19.5,1,934.4,0,0
CUMBRES,11/04/2026,0.416666667,16,22,8.1,19.4,19.6,0,934.4,0,0
CUMBRES,11/04/2026,0.409722222,26,26,5,11.5,19.6,0,934.3,0.2,0
CUMBRES,11/04/2026,0.402777778,7,36,6,20.5,19.4,0,934.2,0,0
CUMBRES,11/04/2026,0.395833333,9,38,6.8,15.5,19.2,0,934.2,0,0
CUMBRES,11/04/2026,0.388888889,21,35,8.2,18,19.2,0,934.2,0,0
CUMBRES,11/04/2026,0.381944444,14,20,8.2,18.4,19.2,0,934.1,0,0
CUMBRES,11/04/2026,0.375,17,8,8.9,18.4,19.2,0,934,0,0
CUMBRES,11/04/2026,0.368055556,18,33,7.5,15.5,19.2,0,934,0,0
CUMBRES,11/04/2026,0.361111111,18,348,8.3,15.5,19.1,0,933.9,0,0
CUMBRES,11/04/2026,0.354166667,10,19,8.6,17.3,19,0,933.8,0,0
CUMBRES,11/04/2026,0.347222222,7,22,7.7,17.6,19,0,933.7,0,0
CUMBRES,11/04/2026,0.340277778,355,342,7.9,15.8,19,0,933.6,0,0
CUMBRES,11/04/2026,0.333333333,8,17,9.5,19.8,19,0,933.6,0,0
CUMBRES,11/04/2026,0.326388889,16,40,6.9,13.7,19,0,933.5,0,0
CUMBRES,11/04/2026,0.319444444,15,26,5.6,11.9,18.9,0,933.5,0,0
CUMBRES,11/04/2026,0.3125,13,40,4.2,9,18.9,0,933.4,0,0
CUMBRES,11/04/2026,0.305555556,3,38,4.5,9,18.8,0,933.4,0,0
CUMBRES,11/04/2026,0.298611111,5,22,3.8,9.7,18.8,0,933.3,0,0
CUMBRES,11/04/2026,0.291666667,37,67,1.9,7.2,18.7,0,933.2,0,0
CUMBRES,11/04/2026,0.284722222,156,153,1.6,3.2,18.7,0,933,0,0
CUMBRES,11/04/2026,0.277777778,324,213,0.7,2.5,18.7,0,933,0,0
CUMBRES,11/04/2026,0.270833333,281,355,0.7,2.5,18.7,0,932.9,0,0
CUMBRES,11/04/2026,0.263888889,60,344,1.1,5.8,18.6,0,932.9,0,0
CUMBRES,11/04/2026,0.256944444,10,351,2.1,5,18.6,0,932.9,0,0
CUMBRES,11/04/2026,0.25,336,350,1.9,6.5,18.6,0,932.8,0,0
CUMBRES,11/04/2026,0.243055556,182,170,1,2.5,18.6,0,932.7,0,0
CUMBRES,11/04/2026,0.236111111,193,32,2.4,5.4,18.6,0,932.6,0,0
CUMBRES,11/04/2026,0.229166667,350,83,1.8,5.4,18.6,0,932.4,0,0
CUMBRES,11/04/2026,0.222222222,18,51,2.3,9.7,18.6,0,932.4,0,0
CUMBRES,11/04/2026,0.215277778,9,18,5.6,12.2,18.6,0,932.3,0,0
CUMBRES,11/04/2026,0.208333333,14,28,5.5,13,18.6,0,932.3,0,0
CUMBRES,11/04/2026,0.201388889,1,30,6.2,14,18.6,0,932.3,0,0
CUMBRES,11/04/2026,0.194444444,5,306,5.4,13.7,18.6,0,932.1,0,0
CUMBRES,11/04/2026,0.1875,9,14,5.2,12.2,18.6,0,932,0,0
CUMBRES,11/04/2026,0.180555556,354,14,5.4,13.7,18.7,0,931.8,0,0
CUMBRES,11/04/2026,0.173611111,6,37,8.2,22.7,18.7,0,931.8,0,0
CUMBRES,11/04/2026,0.166666667,13,42,9,22.3,18.7,0,931.8,0,0
CUMBRES,11/04/2026,0.159722222,15,36,9.3,26.3,18.7,0,931.9,0,0
CUMBRES,11/04/2026,0.152777778,14,56,8.7,25.2,18.6,0,931.9,0,0
CUMBRES,11/04/2026,0.145833333,27,42,7.2,24.5,18.6,0,932,0,0
CUMBRES,11/04/2026,0.138888889,21,19,7.5,20.2,18.6,0,932,0,0
CUMBRES,11/04/2026,0.131944444,30,52,8.5,25.9,18.6,0,932,0,0
CUMBRES,11/04/2026,0.125,19,36,9.2,21.6,18.7,0,931.9,0,0
CUMBRES,11/04/2026,0.118055556,18,28,9.5,26.6,18.7,0,931.9,0,0
CUMBRES,11/04/2026,0.111111111,10,40,9.4,19.1,18.7,0,932,0,0
CUMBRES,11/04/2026,0.104166667,22,23,6.6,16.2,18.7,0,932.1,0,0
CUMBRES,11/04/2026,0.097222222,14,28,5.4,16.2,18.7,0,932.1,0,0
CUMBRES,11/04/2026,0.090277778,12,20,10.3,21.2,18.7,0,932.3,0,0
CUMBRES,11/04/2026,0.083333333,14,33,9.1,20.9,18.7,0,932.3,0,0
CUMBRES,11/04/2026,0.076388889,0,327,9,18.4,18.7,0,932.3,0,0
CUMBRES,11/04/2026,0.069444444,20,356,7.7,16.9,18.7,0,932.4,0,0
CUMBRES,11/04/2026,0.0625,13,18,9.4,20.2,18.6,0,932.5,0,0
CUMBRES,11/04/2026,0.055555556,7,27,8,20.9,18.6,0,932.6,0,0
CUMBRES,11/04/2026,0.048611111,359,29,8.6,19.1,18.5,0,932.7,0,0
CUMBRES,11/04/2026,0.041666667,7,33,5.5,17.6,18.4,0,932.8,0,0
CUMBRES,11/04/2026,0.034722222,43,38,1.7,7.9,18.4,0,932.9,0,0
CUMBRES,11/04/2026,0.027777778,353,42,3.6,9.7,18.4,0,932.9,0,0
CUMBRES,11/04/2026,0.020833333,0,17,6.8,15.8,18.4,0,933,0,0
CUMBRES,11/04/2026,0.013888889,10,28,7.2,13.3,18.4,2,933,0,0
CUMBRES,11/04/2026,0.006944444,9,10,5,11.5,18.4,11,933.1,0,0
CUMBRES,11/04/2026,0,32,39,4.7,11.9,18.4,15,933.1,0,0
CUMBRES,10/04/2026,0.993055556,359,354,6.4,11.9,18.4,24,933.2,0,0
CUMBRES,10/04/2026,0.986111111,3,24,6,13,18.4,33,933.3,0,0
CUMBRES,10/04/2026,0.979166667,25,17,4.5,11.2,18.4,39,933.4,0,0
CUMBRES,10/04/2026,0.972222222,4,14,3.8,10.8,18.4,46,933.4,0,0
CUMBRES,10/04/2026,0.965277778,1,338,3.7,11.5,18.4,56,933.4,0,0
CUMBRES,10/04/2026,0.958333333,12,338,3.7,11.2,18.4,62,933.4,0,0
CUMBRES,10/04/2026,0.951388889,357,351,5.7,10.1,18.4,71,933.5,0,0
CUMBRES,10/04/2026,0.944444444,9,22,5.1,11.2,18.5,80,933.6,0,0
CUMBRES,10/04/2026,0.9375,329,342,2.1,5.8,18.5,86,933.7,0,0
CUMBRES,10/04/2026,0.930555556,346,112,0.8,3.6,18.5,94,933.8,0,0
CUMBRES,10/04/2026,0.923611111,265,110,1.3,4,18.5,100,933.8,0,0
CUMBRES,10/04/2026,0.916666667,235,225,2,4,18.5,100,933.9,0,0
CUMBRES,10/04/2026,0.909722222,199,180,3.1,7.9,18.5,100,934,0,0
CUMBRES,10/04/2026,0.902777778,359,26,3.8,11.2,18.6,100,933.9,0,0
CUMBRES,10/04/2026,0.895833333,357,355,6.1,11.5,18.6,100,933.9,0,0
CUMBRES,10/04/2026,0.888888889,351,7,7.2,16.2,18.6,100,933.8,0,0
CUMBRES,10/04/2026,0.881944444,349,16,8.5,19.1,18.6,100,933.7,0,0
CUMBRES,10/04/2026,0.875,351,15,8.8,15.8,18.6,100,933.7,0,0
CUMBRES,10/04/2026,0.868055556,350,22,8.7,19.1,18.7,100,933.8,0,0
CUMBRES,10/04/2026,0.861111111,352,333,8.5,19.4,18.8,100,933.8,0,0
CUMBRES,10/04/2026,0.854166667,355,16,9.3,18,19,100,933.7,0,0
CUMBRES,10/04/2026,0.847222222,352,26,10.5,19.8,19.2,100,933.6,0,0
CUMBRES,10/04/2026,0.840277778,356,11,10.7,22.3,19.2,100,933.6,0,0
CUMBRES,10/04/2026,0.833333333,355,337,8,16.2,19.2,100,933.5,0,0
CUMBRES,10/04/2026,0.826388889,359,19,9.8,25.6,19.2,100,933.4,0,0
CUMBRES,10/04/2026,0.819444444,351,346,8.8,16.2,19.2,100,933.3,0,0
CUMBRES,10/04/2026,0.8125,359,6,8.5,16.2,19.1,100,933.2,0,0
CUMBRES,10/04/2026,0.805555556,11,24,9.4,21.6,19.1,100,933.1,0,0
CUMBRES,10/04/2026,0.798611111,11,355,8.4,17.3,19.2,100,933,0,0
CUMBRES,10/04/2026,0.791666667,9,31,8.3,18.7,19.2,100,932.8,0,0
CUMBRES,10/04/2026,0.784722222,360,27,9.1,16.6,19.2,100,932.8,0,0
CUMBRES,10/04/2026,0.777777778,355,348,8.6,19.8,19.2,100,932.8,0,0
CUMBRES,10/04/2026,0.770833333,5,29,8.8,17.3,19.3,100,932.8,0,0
CUMBRES,10/04/2026,0.763888889,16,44,7.1,21.2,19.3,100,932.7,0,0
CUMBRES,10/04/2026,0.756944444,27,47,6.7,16.6,19.4,100,932.5,0,0
CUMBRES,10/04/2026,0.75,36,43,7.8,18.4,19.4,100,932.4,0,0
CUMBRES,10/04/2026,0.743055556,28,29,8.2,22.7,19.4,100,932.4,0,0
CUMBRES,10/04/2026,0.736111111,31,53,8.7,22.7,19.4,100,932.6,0,0
CUMBRES,10/04/2026,0.729166667,41,29,9.7,26.6,19.5,100,932.6,0,0
CUMBRES,10/04/2026,0.722222222,35,53,8.5,25.6,19.6,100,932.5,0,0
CUMBRES,10/04/2026,0.715277778,41,25,10.2,24.8,19.7,100,932.3,0,0
CUMBRES,10/04/2026,0.708333333,41,68,9.5,28.8,19.7,100,932.3,0,0
CUMBRES,10/04/2026,0.701388889,24,50,9.9,24.1,19.7,100,932.3,0,0
CUMBRES,10/04/2026,0.694444444,22,50,10.2,23,19.6,100,932.3,0,0
CUMBRES,10/04/2026,0.6875,22,348,9.6,19.8,19.6,100,932.3,0.2,0
CUMBRES,10/04/2026,0.680555556,10,19,8.1,22.7,19.5,100,932.3,0,0
CUMBRES,10/04/2026,0.673611111,19,20,10.4,22.3,19.3,100,932.4,0,0
CUMBRES,10/04/2026,0.666666667,14,41,8.6,17.6,19.2,100,932.4,0,0
CUMBRES,10/04/2026,0.659722222,21,24,7.4,19.1,19.1,100,932.5,0,0
CUMBRES,10/04/2026,0.652777778,10,30,8.6,21.2,19.1,100,932.6,0,0
CUMBRES,10/04/2026,0.645833333,23,33,7.5,20.9,19.2,100,932.6,0,0
CUMBRES,10/04/2026,0.638888889,32,49,8.1,22.7,19.4,100,932.7,0,0
CUMBRES,10/04/2026,0.631944444,38,21,9,20.9,19.6,100,932.7,0,0
CUMBRES,10/04/2026,0.625,36,54,10.7,25.9,19.9,100,932.7,0,0
CUMBRES,10/04/2026,0.618055556,37,39,10.1,22,20.4,100,932.8,0,0
CUMBRES,10/04/2026,0.611111111,27,51,7.5,22.3,20.7,100,932.9,0,0
CUMBRES,10/04/2026,0.604166667,358,34,4,11.2,20.5,100,933,0,0
CUMBRES,10/04/2026,0.597222222,22,66,5,13.7,20.2,100,933.1,0,0
CUMBRES,10/04/2026,0.590277778,35,47,7.1,18,19.9,100,933.2,0,0
CUMBRES,10/04/2026,0.583333333,38,61,9.2,24.1,19.9,100,933.3,0,0
CUMBRES,10/04/2026,0.576388889,51,53,7.6,23.8,20.4,100,933.5,0,0
CUMBRES,10/04/2026,0.569444444,49,78,6.7,17.6,21,100,933.5,0,0
CUMBRES,10/04/2026,0.5625,37,44,5.6,14.8,21.7,100,933.5,0,0
CUMBRES,10/04/2026,0.555555556,86,67,5.1,13.7,22,100,933.5,0,0
CUMBRES,10/04/2026,0.548611111,97,54,2.4,9.4,21,100,933.6,0,0
CUMBRES,10/04/2026,0.541666667,165,177,2.4,6.1,20.1,100,933.7,0,0
CUMBRES,10/04/2026,0.534722222,343,309,2.9,8.3,19.3,100,933.9,0,0
CUMBRES,10/04/2026,0.527777778,199,225,1.7,4.7,18.9,100,934,0,0
CUMBRES,10/04/2026,0.520833333,192,220,1.3,3.2,18.9,100,934.1,0,0
CUMBRES,10/04/2026,0.513888889,210,202,2.3,3.6,18.9,100,934.1,0,0
CUMBRES,10/04/2026,0.506944444,175,59,1.7,3.6,18.9,100,934.2,0,0
CUMBRES,10/04/2026,0.5,81,71,3.1,8.6,18.9,100,934.2,0,0
CUMBRES,10/04/2026,0.493055556,82,82,4.5,10.8,19,100,934.3,0,0
CUMBRES,10/04/2026,0.486111111,75,83,6.4,14.8,19.1,100,934.4,0,0
CUMBRES,10/04/2026,0.479166667,157,82,3.9,9.4,19.3,100,934.4,0,0
CUMBRES,10/04/2026,0.472222222,194,154,3.6,7.6,19.3,100,934.5,0,0
CUMBRES,10/04/2026,0.465277778,197,178,4.3,6.5,19.4,100,934.6,0,0
CUMBRES,10/04/2026,0.458333333,179,175,1.4,4.3,19.5,100,934.5,0,0
CUMBRES,10/04/2026,0.451388889,151,113,0.6,2.9,19.5,100,934.4,0,0
CUMBRES,10/04/2026,0.444444444,90,116,2.9,6.5,19.5,100,934.4,0,0
CUMBRES,10/04/2026,0.4375,85,59,2.5,7.2,19.5,100,934.3,0,0
CUMBRES,10/04/2026,0.430555556,125,174,0.9,3.2,19.5,100,934.1,0,0
CUMBRES,10/04/2026,0.423611111,185,153,2.2,5.8,19.5,100,934,0,0
CUMBRES,10/04/2026,0.416666667,169,167,2.9,5,19.6,100,933.9,0,0
CUMBRES,10/04/2026,0.409722222,186,198,2.1,5.4,19.5,100,933.8,0,0
CUMBRES,10/04/2026,0.402777778,166,173,2.3,6.8,19.3,100,933.8,0,0
CUMBRES,10/04/2026,0.395833333,180,159,4.5,9,19.1,100,933.8,0,0
CUMBRES,10/04/2026,0.388888889,200,194,3.9,6.5,19,100,933.8,0,0
CUMBRES,10/04/2026,0.381944444,185,203,3,6.5,18.8,100,933.7,0,0
CUMBRES,10/04/2026,0.375,152,85,2,4,18.7,100,933.6,0,0
CUMBRES,10/04/2026,0.368055556,83,67,3.4,6.8,18.6,30,933.5,0,0
CUMBRES,10/04/2026,0.361111111,93,96,3.8,7.6,18.4,0,933.4,0,0
CUMBRES,10/04/2026,0.354166667,94,98,3.6,7.6,17.9,0,933.2,0,0
CUMBRES,10/04/2026,0.347222222,92,91,4,8.6,17.5,0,933.1,0,0
CUMBRES,10/04/2026,0.340277778,90,81,3.4,7.6,17.3,0,933.1,0,0
CUMBRES,10/04/2026,0.333333333,104,93,0.7,3.2,16.9,0,933,0,0
CUMBRES,10/04/2026,0.326388889,73,54,1.4,5.4,16.7,0,932.9,0,0
CUMBRES,10/04/2026,0.319444444,86,45,1.1,3.6,16.4,0,932.8,0,0
CUMBRES,10/04/2026,0.3125,177,182,1.8,4.7,15.9,0,932.7,0,0
CUMBRES,10/04/2026,0.305555556,177,162,1.3,4.3,15.7,0,932.6,0,0
CUMBRES,10/04/2026,0.298611111,200,230,1.5,3.2,15.6,0,932.6,0,0
CUMBRES,10/04/2026,0.291666667,264,294,2.5,5.8,15.7,0,932.5,0,0
CUMBRES,10/04/2026,0.284722222,269,308,1.7,4,16,0,932.5,0,0
CUMBRES,10/04/2026,0.277777778,234,245,1.7,4,16.1,0,932.5,0,0
CUMBRES,10/04/2026,0.270833333,173,115,2.4,4.7,16,0,932.4,0,0
CUMBRES,10/04/2026,0.263888889,21,344,1.9,5,15.9,0,932.2,0,0
CUMBRES,10/04/2026,0.256944444,65,90,1.1,2.5,16.1,0,932.1,0,0
CUMBRES,10/04/2026,0.25,309,265,1.4,4.3,16.2,0,932.1,0,0
CUMBRES,10/04/2026,0.243055556,285,260,1.9,4,16.2,0,932.1,0,0
CUMBRES,10/04/2026,0.236111111,294,272,2.2,5,16.1,0,932,0,0
CUMBRES,10/04/2026,0.229166667,54,14,1.6,4.7,16.1,0,931.9,0,0
CUMBRES,10/04/2026,0.222222222,62,140,0.7,3.2,16.1,0,931.8,0,0
CUMBRES,10/04/2026,0.215277778,159,173,1.4,3.2,16,0,931.8,0,0
CUMBRES,10/04/2026,0.208333333,11,331,1.4,3.6,16,0,931.7,0,0
CUMBRES,10/04/2026,0.201388889,344,351,2,4.7,16.1,0,931.7,0,0
CUMBRES,10/04/2026,0.194444444,316,268,1.4,5,16.1,0,931.8,0,0
CUMBRES,10/04/2026,0.1875,333,2,3.3,5.4,16.1,0,931.7,0,0
CUMBRES,10/04/2026,0.180555556,343,85,1.4,4.3,16.2,0,931.7,0,0
CUMBRES,10/04/2026,0.173611111,198,45,1.9,6.1,16.3,0,931.7,0,0
CUMBRES,10/04/2026,0.166666667,340,50,3.7,13.3,16.3,0,931.7,0,0
CUMBRES,10/04/2026,0.159722222,346,14,3.2,9,16.4,0,931.8,0,0
CUMBRES,10/04/2026,0.152777778,332,327,4.4,11.5,16.4,0,931.8,0,0
CUMBRES,10/04/2026,0.145833333,353,318,4.2,11.5,16.3,1,931.8,0,0
CUMBRES,10/04/2026,0.138888889,333,19,6.1,15.5,16.3,11,931.9,0,0
CUMBRES,10/04/2026,0.131944444,343,33,7,19.1,16.3,32,931.8,0,0
CUMBRES,10/04/2026,0.125,359,350,6.5,14.4,16.4,32,931.9,0,0
CUMBRES,10/04/2026,0.118055556,356,359,4.7,13.3,16.5,43,932.1,0,0
CUMBRES,10/04/2026,0.111111111,345,345,5.9,16.6,16.6,46,932.3,0,0
CUMBRES,10/04/2026,0.104166667,6,36,6.5,14,16.7,54,932.5,0,0
CUMBRES,10/04/2026,0.097222222,2,338,5.9,14.4,16.8,59,932.6,0,0
CUMBRES,10/04/2026,0.090277778,3,20,9.1,20.5,16.8,55,932.8,0,0
CUMBRES,10/04/2026,0.083333333,8,18,10,22.3,16.8,55,932.9,0,0
CUMBRES,10/04/2026,0.076388889,5,29,10.2,24.5,16.8,53,932.8,0,0
CUMBRES,10/04/2026,0.069444444,5,358,5.7,14,16.8,57,932.8,0,0
CUMBRES,10/04/2026,0.0625,12,26,5.9,16.9,16.9,58,933,0,0
CUMBRES,10/04/2026,0.055555556,13,25,5.8,19.8,17,54,933.1,0,0
CUMBRES,10/04/2026,0.048611111,8,23,8.3,19.8,17,45,933.3,0,0
CUMBRES,10/04/2026,0.041666667,2,17,10.7,23.4,17,39,933.2,0,0
CUMBRES,10/04/2026,0.034722222,15,16,6.8,15.8,17,35,933.3,0,0
CUMBRES,10/04/2026,0.027777778,1,333,8.5,16.6,17.1,33,933.4,0,0
CUMBRES,10/04/2026,0.020833333,17,349,11.5,26.3,17.1,32,933.4,0,0
CUMBRES,10/04/2026,0.013888889,11,31,7.7,22,17.1,36,933.5,0,0
CUMBRES,10/04/2026,0.006944444,27,37,5.5,20.9,17.2,35,933.7,0,0
CUMBRES,10/04/2026,0,158,29,2.4,8.6,17.2,37,933.5,0,0
CUMBRES,09/04/2026,0.993055556,3,6,3.4,9.7,17.3,49,933.4,0,0
CUMBRES,09/04/2026,0.986111111,15,50,3.4,9.7,17.3,55,933.4,0,0
CUMBRES,09/04/2026,0.979166667,296,235,2.3,4.7,17.4,61,933.2,0,0
CUMBRES,09/04/2026,0.972222222,246,318,2.8,5.4,17.4,65,933.1,0,0
CUMBRES,09/04/2026,0.965277778,150,143,2.2,6.1,17.4,62,933.2,0,0
CUMBRES,09/04/2026,0.958333333,50,28,4.9,14.4,17.4,59,933.2,0,0
CUMBRES,09/04/2026,0.951388889,10,21,8.7,19.1,17.4,55,933.1,0,0
CUMBRES,09/04/2026,0.944444444,359,16,6.2,19.1,17.4,61,932.9,0,0
CUMBRES,09/04/2026,0.9375,101,162,1.7,5.8,17.4,70,932.9,0,0
CUMBRES,09/04/2026,0.930555556,6,352,3.9,9.4,17.4,75,933,0,0
CUMBRES,09/04/2026,0.923611111,23,31,3,12.2,17.3,84,933,0,0
CUMBRES,09/04/2026,0.916666667,23,28,1.9,7.2,17.3,93,933,0,0
CUMBRES,09/04/2026,0.909722222,48,95,2.4,6.8,17.3,99,933,0,0
CUMBRES,09/04/2026,0.902777778,76,64,1.6,4,17.4,100,932.8,0,0
CUMBRES,09/04/2026,0.895833333,3,348,1.3,3.6,17.4,100,932.7,0,0
CUMBRES,09/04/2026,0.888888889,142,126,1.6,6.8,17.4,100,932.9,0,0
CUMBRES,09/04/2026,0.881944444,18,358,2.8,7.6,17.5,100,932.8,0,0
CUMBRES,09/04/2026,0.875,69,278,1.5,4.3,17.5,100,932.6,0,0
CUMBRES,09/04/2026,0.868055556,222,36,2.8,5.4,17.5,100,932.4,0.2,0
CUMBRES,09/04/2026,0.861111111,59,16,3.4,8.3,17.7,100,932.5,0,0
CUMBRES,09/04/2026,0.854166667,53,41,4.5,9.4,17.9,100,932.3,0,0
CUMBRES,09/04/2026,0.847222222,29,50,3.3,8.6,18.1,100,932.1,0,0
CUMBRES,09/04/2026,0.840277778,173,332,2.7,8.6,18.2,100,931.9,0,0
CUMBRES,09/04/2026,0.833333333,29,45,7.9,19.1,18.6,100,931.7,0,0
CUMBRES,09/04/2026,0.826388889,30,45,6.3,17.6,19,100,931.4,0,0
CUMBRES,09/04/2026,0.819444444,12,16,7.9,20.2,19.5,100,931.4,0,0
CUMBRES,09/04/2026,0.8125,28,26,6.2,20.5,19.9,100,931.4,0,0
CUMBRES,09/04/2026,0.805555556,17,6,8.4,21.2,20,100,931.2,0,0
CUMBRES,09/04/2026,0.798611111,12,353,5.7,14,19.9,100,930.9,0,0
CUMBRES,09/04/2026,0.791666667,22,27,5.2,18.7,19.8,100,930.7,0,0
CUMBRES,09/04/2026,0.784722222,327,338,3.2,14.8,20,100,930.5,0,0
CUMBRES,09/04/2026,0.777777778,188,16,2.8,6.1,20.1,100,930.6,0,0
CUMBRES,09/04/2026,0.770833333,321,317,2,6.8,20.2,100,930.5,0,0
CUMBRES,09/04/2026,0.763888889,342,342,5.2,13,20.3,100,930.4,0,0
CUMBRES,09/04/2026,0.756944444,312,358,3.6,8.6,20.3,100,930.2,0,0
CUMBRES,09/04/2026,0.75,357,20,7.6,16.9,20.3,100,930,0,0
CUMBRES,09/04/2026,0.743055556,322,315,3,10.1,20.6,100,929.7,0,0
CUMBRES,09/04/2026,0.736111111,35,42,2.5,5.4,20.7,100,930,0,0
CUMBRES,09/04/2026,0.729166667,51,43,1.8,7.6,20.5,100,930.4,0,0
CUMBRES,09/04/2026,0.722222222,335,353,4.9,14,20.3,100,930.8,0,0
CUMBRES,09/04/2026,0.715277778,354,12,7.1,17.6,20.4,100,930.7,0,0
CUMBRES,09/04/2026,0.708333333,20,333,2.3,10.8,20.4,100,930.3,0,0
CUMBRES,09/04/2026,0.701388889,11,338,6.5,17.3,20.4,100,930.2,0,0
CUMBRES,09/04/2026,0.694444444,10,2,9.6,20.5,20.4,100,929.9,0,0
CUMBRES,09/04/2026,0.6875,7,48,9.2,20.9,20.6,100,929.7,0,0
CUMBRES,09/04/2026,0.680555556,75,66,4.4,8.3,20.7,100,930,0,0
CUMBRES,09/04/2026,0.673611111,151,76,3.4,6.1,20.8,100,930.6,0,0
CUMBRES,09/04/2026,0.666666667,11,357,7.2,16.2,20.7,100,930.5,0,0
CUMBRES,09/04/2026,0.659722222,349,17,7.9,19.4,20.8,100,930.2,0,0
CUMBRES,09/04/2026,0.652777778,359,3,5.9,13.7,20.9,100,930.5,0,0
CUMBRES,09/04/2026,0.645833333,7,21,7.8,18,20.9,100,930.6,0,0
CUMBRES,09/04/2026,0.638888889,16,46,7.3,15.8,21,100,930.7,0,0
CUMBRES,09/04/2026,0.631944444,26,45,7.8,18.7,21.3,100,930.5,0,0
CUMBRES,09/04/2026,0.625,28,24,9.5,27.4,21.5,100,930.6,0,0
CUMBRES,09/04/2026,0.618055556,0,56,11.5,24.5,21.3,100,930.6,0,0
CUMBRES,09/04/2026,0.611111111,22,32,9.1,28.8,21.4,100,930.7,0,0
CUMBRES,09/04/2026,0.604166667,5,38,7.3,14.8,21.1,100,930.9,0,0
CUMBRES,09/04/2026,0.597222222,35,32,7.8,18.4,20.7,100,931.1,0,0
CUMBRES,09/04/2026,0.590277778,29,17,6.5,14.8,21,100,931.3,0,0
CUMBRES,09/04/2026,0.583333333,20,42,5.9,15.1,21.2,100,931.3,0,0
CUMBRES,09/04/2026,0.576388889,23,26,7.1,18.4,21.2,100,931.3,0,0
CUMBRES,09/04/2026,0.569444444,16,41,4.4,13.3,21.1,100,931.5,0,0
CUMBRES,09/04/2026,0.5625,353,40,4.1,12.6,21,100,931.5,0,0
CUMBRES,09/04/2026,0.555555556,79,35,3.4,9.4,20.9,100,931.6,0,0
CUMBRES,09/04/2026,0.548611111,196,165,3.9,6.8,20.8,100,931.7,0,0
CUMBRES,09/04/2026,0.541666667,108,52,3.2,7.2,20.7,100,931.7,0,0
CUMBRES,09/04/2026,0.534722222,50,47,2.9,10.1,20.2,100,931.8,0,0
CUMBRES,09/04/2026,0.527777778,3,344,3.7,9.7,19.7,100,931.9,0,0
CUMBRES,09/04/2026,0.520833333,354,16,7.3,16.2,19.5,100,932,0,0
CUMBRES,09/04/2026,0.513888889,348,344,6.7,13.3,19.3,100,932.1,0,0
CUMBRES,09/04/2026,0.506944444,342,341,6.8,13,19.1,100,932.1,0,0
CUMBRES,09/04/2026,0.5,4,355,7.7,15.8,19.1,100,932.2,0,0
CUMBRES,09/04/2026,0.493055556,30,8,8,19.4,19.2,100,932.2,0,0
CUMBRES,09/04/2026,0.486111111,32,56,8.4,17.6,19.4,100,932.3,0,0
CUMBRES,09/04/2026,0.479166667,37,53,8.7,24.8,19.8,100,932.4,0,0
CUMBRES,09/04/2026,0.472222222,41,64,7.4,23.8,19.9,100,932.4,0,0
CUMBRES,09/04/2026,0.465277778,31,42,7.8,25.9,19.7,99,932.3,0,0
CUMBRES,09/04/2026,0.458333333,35,349,7.2,19.4,19.9,17,932.3,0,0
CUMBRES,09/04/2026,0.451388889,27,17,6.1,17.3,19.5,0,932.1,0,0
CUMBRES,09/04/2026,0.444444444,10,31,8.9,23,19.4,0,932.1,0,0
CUMBRES,09/04/2026,0.4375,43,48,5.6,17.3,19.5,0,932,0,0
CUMBRES,09/04/2026,0.430555556,54,37,5.4,17.6,19.4,0,932,0,0
CUMBRES,09/04/2026,0.423611111,355,353,2,6.1,18.6,0,932.1,0,0
CUMBRES,09/04/2026,0.416666667,84,6,1.4,3.6,18.4,0,932.6,0,0
CUMBRES,09/04/2026,0.409722222,100,87,1.7,4,18.2,0,933,0,0
CUMBRES,09/04/2026,0.402777778,57,101,1.2,4,18.2,0,933.1,0,0
CUMBRES,09/04/2026,0.395833333,34,269,1.4,17.6,18.1,0,933,0,0
CUMBRES,09/04/2026,0.388888889,21,156,2.5,5.4,18.1,0,932.8,0,0
CUMBRES,09/04/2026,0.381944444,3,27,4.9,12.2,18,0,932.7,0,0
CUMBRES,09/04/2026,0.375,355,355,4.5,9.4,18.1,0,932.2,0,0
CUMBRES,09/04/2026,0.368055556,14,49,5.3,11.9,18.1,0,931.9,0,0
CUMBRES,09/04/2026,0.361111111,12,342,3.3,11.2,18.1,0,931.9,0,0
CUMBRES,09/04/2026,0.354166667,309,259,0.6,2.2,18,0,932,0,0
CUMBRES,09/04/2026,0.347222222,62,350,2.6,6.5,18,0,932,0,0
CUMBRES,09/04/2026,0.340277778,333,334,3.6,7.9,18,0,931.9,0,0
CUMBRES,09/04/2026,0.333333333,306,318,1.9,5,17.9,0,931.8,0,0
CUMBRES,09/04/2026,0.326388889,181,111,0.6,2.2,17.8,0,931.9,0,0
CUMBRES,09/04/2026,0.319444444,123,123,1.1,2.5,17.7,0,931.9,0,0
CUMBRES,09/04/2026,0.3125,322,304,1.1,2.5,17.6,0,931.9,0,0
CUMBRES,09/04/2026,0.305555556,227,287,0.9,2.5,17.6,0,931.9,0,0
CUMBRES,09/04/2026,0.298611111,318,337,0.3,1.4,17.5,0,931.8,0,0
CUMBRES,09/04/2026,0.291666667,267,264,0.4,1.8,17.5,0,931.7,0,0
CUMBRES,09/04/2026,0.284722222,235,207,0.6,1.8,17.5,0,931.7,0,0
CUMBRES,09/04/2026,0.277777778,223,185,1.2,2.2,17.5,0,931.7,0,0
CUMBRES,09/04/2026,0.270833333,13,90,0.7,2.9,17.5,0,931.6,0,0
CUMBRES,09/04/2026,0.263888889,1,110,0.9,3.2,17.4,0,931.5,0,0
CUMBRES,09/04/2026,0.256944444,11,346,1,2.2,17.4,0,931.4,0,0
CUMBRES,09/04/2026,0.25,172,111,0.9,2.2,17.4,0,931.4,0,0
CUMBRES,09/04/2026,0.243055556,210,188,0.4,1.4,17.4,0,931.3,0,0
CUMBRES,09/04/2026,0.236111111,314,353,0.6,1.8,17.4,0,931.2,0,0
CUMBRES,09/04/2026,0.229166667,276,276,0.5,1.8,17.4,0,931.1,0,0
CUMBRES,09/04/2026,0.222222222,267,148,0.3,1.1,17.4,0,931,0,0
CUMBRES,09/04/2026,0.215277778,117,171,0.1,1.4,17.4,0,931,0,0
CUMBRES,09/04/2026,0.208333333,159,135,0.4,2.2,17.4,0,930.9,0,0
CUMBRES,09/04/2026,0.201388889,213,170,0.9,3.2,17.4,0,930.8,0,0
CUMBRES,09/04/2026,0.194444444,181,170,2.2,4.3,17.4,0,930.6,0,0
CUMBRES,09/04/2026,0.1875,355,16,3,11.9,17.4,0,930.5,0,0
CUMBRES,09/04/2026,0.180555556,9,29,6.8,14.4,17.4,0,930.4,0,0
CUMBRES,09/04/2026,0.173611111,3,25,6.7,14,17.4,0,930.4,0,0
CUMBRES,09/04/2026,0.166666667,12,345,6.9,15.5,17.4,0,930.4,0,0
CUMBRES,09/04/2026,0.159722222,356,355,7.8,16.6,17.4,0,930.4,0,0
CUMBRES,09/04/2026,0.152777778,357,18,8.1,17.3,17.4,0,930.5,0,0
CUMBRES,09/04/2026,0.145833333,4,25,7.6,15.8,17.3,0,930.7,0,0
CUMBRES,09/04/2026,0.138888889,357,344,6.1,14,17.3,0,930.7,0,0
CUMBRES,09/04/2026,0.131944444,28,16,4.2,14.8,17.3,0,930.7,0,0
CUMBRES,09/04/2026,0.125,354,3,5.9,12.2,17.3,0,930.8,0,0
CUMBRES,09/04/2026,0.118055556,356,19,7,14,17.3,0,930.9,0,0
CUMBRES,09/04/2026,0.111111111,8,340,7.1,15.8,17.2,0,930.9,0,0
CUMBRES,09/04/2026,0.104166667,352,343,8.3,18.4,17.2,0,930.9,0,0
CUMBRES,09/04/2026,0.097222222,355,14,5.7,13.3,17.3,0,931.1,0.2,0
CUMBRES,09/04/2026,0.090277778,358,27,8.9,20.5,17.2,0,931.1,0,0
CUMBRES,09/04/2026,0.083333333,359,9,6.1,11.2,17.2,0,931.1,0,0
CUMBRES,09/04/2026,0.076388889,330,350,2.4,6.8,17.2,0,931.2,0,0
CUMBRES,09/04/2026,0.069444444,322,352,1.4,4.3,17.2,2,931.3,0,0
CUMBRES,09/04/2026,0.0625,272,221,1.1,3.2,17.2,6,931.4,0,0
CUMBRES,09/04/2026,0.055555556,186,111,0.8,2.2,17.2,7,931.5,0,0
CUMBRES,09/04/2026,0.048611111,226,200,1.9,4,17.2,17,931.6,0,0
CUMBRES,09/04/2026,0.041666667,303,341,2,5,17.2,21,931.5,0,0
CUMBRES,09/04/2026,0.034722222,191,175,2.2,4.3,17.2,23,931.5,0,0
CUMBRES,09/04/2026,0.027777778,317,315,1.8,4,17.2,27,931.6,0,0
CUMBRES,09/04/2026,0.020833333,338,342,3.7,8.3,17.2,34,931.6,0,0
CUMBRES,09/04/2026,0.013888889,313,288,2.2,5,17.2,41,931.7,0,0
CUMBRES,09/04/2026,0.006944444,246,172,1.6,5,17.2,44,931.7,0,0
CUMBRES,09/04/2026,0,225,303,2.1,4,17.2,50,931.8,0,0
CUMBRES,08/04/2026,0.993055556,189,161,2.5,5,17.2,55,931.8,0,0
CUMBRES,08/04/2026,0.986111111,272,202,1.3,3.6,17.2,61,931.9,0,0
CUMBRES,08/04/2026,0.979166667,64,353,0.9,3.2,17.2,65,931.9,0,0
CUMBRES,08/04/2026,0.972222222,243,308,1.8,4.7,17.2,71,932,0,0
CUMBRES,08/04/2026,0.965277778,141,353,2.2,6.5,17.3,72,932.2,0,0
CUMBRES,08/04/2026,0.958333333,359,352,2.8,6.5,17.2,79,932.2,0,0
CUMBRES,08/04/2026,0.951388889,4,350,2.6,6.5,17.2,86,932.2,0,0
CUMBRES,08/04/2026,0.944444444,162,345,1.7,5.8,17.2,90,932.3,0,0
CUMBRES,08/04/2026,0.9375,141,53,1.1,7.6,17.2,94,932.4,0,0
CUMBRES,08/04/2026,0.930555556,355,352,4.2,10.4,17.2,99,932.4,0,0
CUMBRES,08/04/2026,0.923611111,316,317,1.8,7.2,17.2,100,932.5,0,0
CUMBRES,08/04/2026,0.916666667,111,320,1.2,3.6,17.1,100,932.6,0,0
CUMBRES,08/04/2026,0.909722222,241,283,1,2.5,17.1,100,932.5,0,0
CUMBRES,08/04/2026,0.902777778,171,180,1.2,4.3,17.1,100,932.4,0,0
CUMBRES,08/04/2026,0.895833333,223,187,1.9,4.7,17.1,100,932.3,0,0
CUMBRES,08/04/2026,0.888888889,196,119,1.5,3.6,17.1,100,932.3,0,0
CUMBRES,08/04/2026,0.881944444,108,108,1,3.6,17.1,100,932.2,0,0
CUMBRES,08/04/2026,0.875,32,48,2,5.4,17.1,100,932.1,0,0
CUMBRES,08/04/2026,0.868055556,31,28,3.8,8.3,17.1,100,932,0,0
CUMBRES,08/04/2026,0.861111111,192,239,2.6,5.4,17.1,100,931.9,0,0
CUMBRES,08/04/2026,0.854166667,209,123,1.5,4,17.2,100,931.7,0,0
CUMBRES,08/04/2026,0.847222222,170,111,1.6,6.8,17.2,100,931.6,0,0
CUMBRES,08/04/2026,0.840277778,50,80,3.4,7.6,17.3,100,931.5,0,0
CUMBRES,08/04/2026,0.833333333,172,239,1.2,4.3,17.3,100,931.6,0,0
CUMBRES,08/04/2026,0.826388889,24,77,1.8,7.2,17.4,100,931.5,0,0
CUMBRES,08/04/2026,0.819444444,30,33,2.5,9,17.5,100,931.3,0,0
CUMBRES,08/04/2026,0.8125,24,17,4.4,9.7,17.6,100,931.1,0,0
CUMBRES,08/04/2026,0.805555556,5,23,4.9,10.4,17.8,100,931.1,0,0
CUMBRES,08/04/2026,0.798611111,18,15,6.5,15.1,18.2,100,931.1,0,0
CUMBRES,08/04/2026,0.791666667,10,355,5.7,16.6,18.7,100,931.1,0,0
CUMBRES,08/04/2026,0.784722222,19,31,7.1,15.8,19,98,931.1,0,0
CUMBRES,08/04/2026,0.777777778,5,30,7.1,16.9,19.3,93,930.8,0,0
CUMBRES,08/04/2026,0.770833333,286,35,5.3,14,19.6,89,930.7,0,0
CUMBRES,08/04/2026,0.763888889,6,25,6.6,14.4,19.7,86,930.6,0,0
CUMBRES,08/04/2026,0.756944444,18,34,7.6,17.3,19.8,85,930.4,0,0
CUMBRES,08/04/2026,0.75,25,347,5.4,13,19.9,84,930.4,0,0
CUMBRES,08/04/2026,0.743055556,32,32,5.6,15.8,20,83,930.3,0,0
CUMBRES,08/04/2026,0.736111111,25,25,6.6,15.8,20.1,82,930.2,0,0
CUMBRES,08/04/2026,0.729166667,29,28,4.8,15.1,20.2,82,930.3,0,0
CUMBRES,08/04/2026,0.722222222,51,48,6,15.5,20.2,82,930.3,0,0
CUMBRES,08/04/2026,0.715277778,43,41,5.4,15.5,20.3,81,930.3,0,0
CUMBRES,08/04/2026,0.708333333,32,49,6.9,18.4,20.4,81,930.3,0,0
CUMBRES,08/04/2026,0.701388889,30,26,6.3,16.6,20.5,81,930.3,0,0
CUMBRES,08/04/2026,0.694444444,34,53,5.6,18.4,20.4,81,930.4,0,0
CUMBRES,08/04/2026,0.6875,34,56,7.1,16.6,20.4,80,930.4,0,0
CUMBRES,08/04/2026,0.680555556,18,24,6,15.1,20.5,79,930.4,0,0
CUMBRES,08/04/2026,0.673611111,16,49,7,16.2,20.4,79,930.3,0,0
CUMBRES,08/04/2026,0.666666667,36,27,8.7,27,20.5,78,930.2,0,0
CUMBRES,08/04/2026,0.659722222,38,42,7.7,18,20.6,79,930.3,0,0
CUMBRES,08/04/2026,0.652777778,48,48,8.5,23,20.7,78,930.3,0,0
CUMBRES,08/04/2026,0.645833333,36,52,9.4,24.1,20.7,78,930.3,0,0
CUMBRES,08/04/2026,0.638888889,344,18,8.1,15.8,20.8,79,930.3,0,0
CUMBRES,08/04/2026,0.631944444,57,55,5.8,14.8,20.7,80,930.4,0,0
CUMBRES,08/04/2026,0.625,36,37,4.9,13,20.5,83,930.5,0,0
CUMBRES,08/04/2026,0.618055556,9,37,4.9,14,20.3,86,930.6,0,0
CUMBRES,08/04/2026,0.611111111,1,26,4.1,10.4,20.3,86,930.5,0,0
CUMBRES,08/04/2026,0.604166667,65,337,2,6.1,20.1,87,930.6,0,0
CUMBRES,08/04/2026,0.597222222,203,171,2,4,19.8,88,930.8,0,0
CUMBRES,08/04/2026,0.590277778,175,166,2.8,4.7,19.6,89,930.9,0,0
CUMBRES,08/04/2026,0.583333333,189,202,2.8,5.4,19.5,91,931,0,0
CUMBRES,08/04/2026,0.576388889,228,204,2,5,19.5,91,931,0,0
CUMBRES,08/04/2026,0.569444444,188,168,1.5,3.6,19.3,91,931.1,0,0
CUMBRES,08/04/2026,0.5625,184,144,1.7,3.6,19.2,92,931.2,0,0
CUMBRES,08/04/2026,0.555555556,200,155,1.6,3.6,19.1,92,931.3,0,0
CUMBRES,08/04/2026,0.548611111,174,193,1.9,4,19,93,931.4,0,0
CUMBRES,08/04/2026,0.541666667,160,184,2.9,5.4,19,93,931.5,0,0
CUMBRES,08/04/2026,0.534722222,152,165,1.7,4,19,92,931.6,0,0
CUMBRES,08/04/2026,0.527777778,155,165,1.8,4,18.8,93,931.6,0,0
CUMBRES,08/04/2026,0.520833333,155,163,4.1,6.1,18.7,94,931.8,0,0
CUMBRES,08/04/2026,0.513888889,148,153,2.5,5.8,18.5,96,932,0,0
CUMBRES,08/04/2026,0.506944444,160,138,3,5.4,18.3,99,932.1,0,0
CUMBRES,08/04/2026,0.5,176,172,2.7,5,18.3,99,932.2,0,0
CUMBRES,08/04/2026,0.493055556,172,146,2.2,4.3,18.2,100,932.3,0,0
CUMBRES,08/04/2026,0.486111111,271,266,5,9.7,18,100,932.4,0,0
CUMBRES,08/04/2026,0.479166667,270,218,2.3,7.9,17.8,100,932.5,0,0
CUMBRES,08/04/2026,0.472222222,210,221,2.2,4,17.7,100,932.5,0,0
CUMBRES,08/04/2026,0.465277778,191,221,1.6,3.6,17.7,100,932.6,0,0
CUMBRES,08/04/2026,0.458333333,237,222,2.9,5.4,17.7,100,932.6,0,0
CUMBRES,08/04/2026,0.451388889,155,197,1.4,2.9,17.7,100,932.6,0,0
CUMBRES,08/04/2026,0.444444444,343,20,1.9,5.4,17.6,100,932.6,0,0
CUMBRES,08/04/2026,0.4375,76,330,2.4,8.6,17.5,100,932.5,0,0
CUMBRES,08/04/2026,0.430555556,63,48,2.4,5.4,17.4,100,932.6,0,0
CUMBRES,08/04/2026,0.423611111,21,53,3.9,6.5,17.3,100,932.6,0,0
CUMBRES,08/04/2026,0.416666667,44,42,3.6,11.5,17.2,100,932.6,0,0
CUMBRES,08/04/2026,0.409722222,24,44,4.4,13.3,17.2,100,932.5,0,0
CUMBRES,08/04/2026,0.402777778,41,37,4.3,9.7,17.2,100,932.5,0,0
CUMBRES,08/04/2026,0.395833333,41,49,4.3,11.2,17.1,100,932.3,0,0
CUMBRES,08/04/2026,0.388888889,43,69,3.1,9,16.8,100,932.2,0,0
CUMBRES,08/04/2026,0.381944444,32,52,4.8,12.6,16.8,100,932.2,0.2,0
CUMBRES,08/04/2026,0.375,46,67,5.5,14.8,16.8,100,932.2,0,0
CUMBRES,08/04/2026,0.368055556,57,48,6.2,13.7,16.9,100,932.1,0,0
CUMBRES,08/04/2026,0.361111111,55,57,7.2,16.6,16.8,100,932.1,0,0
CUMBRES,08/04/2026,0.354166667,49,72,6.2,14.4,16.6,100,932,0,0
CUMBRES,08/04/2026,0.347222222,43,48,5.7,15.1,16.5,100,931.8,0,0
CUMBRES,08/04/2026,0.340277778,11,61,5.2,11.5,16.5,100,931.7,0,0
CUMBRES,08/04/2026,0.333333333,13,34,3.4,11.2,16.4,100,931.6,0,0
CUMBRES,08/04/2026,0.326388889,78,37,3.4,11.2,16.2,100,931.4,0,0
CUMBRES,08/04/2026,0.319444444,29,28,3.6,11.5,15.9,100,931.3,0,0
CUMBRES,08/04/2026,0.3125,9,357,3.2,7.6,15.7,100,931.3,0,0
CUMBRES,08/04/2026,0.305555556,327,318,1.9,4.7,15.5,100,931.2,0,0
CUMBRES,08/04/2026,0.298611111,239,213,1.4,4,15.3,100,931.1,0,0
CUMBRES,08/04/2026,0.291666667,224,200,2.1,4.3,15.2,100,931,0,0
CUMBRES,08/04/2026,0.284722222,314,281,1.5,2.9,15.2,100,931,0,0
CUMBRES,08/04/2026,0.277777778,217,342,0.7,2.2,15.1,100,930.9,0,0
CUMBRES,08/04/2026,0.270833333,211,286,1.2,2.9,15.1,100,930.8,0,0
CUMBRES,08/04/2026,0.263888889,248,304,0.8,2.9,15,100,930.7,0,0
CUMBRES,08/04/2026,0.256944444,321,319,2,3.6,15.1,100,930.7,0,0
CUMBRES,08/04/2026,0.25,230,206,1.4,4.3,15.1,100,930.6,0,0
CUMBRES,08/04/2026,0.243055556,275,176,0.8,2.5,15.1,100,930.5,0,0
CUMBRES,08/04/2026,0.236111111,326,176,1,3.2,15.1,100,930.4,0,0
CUMBRES,08/04/2026,0.229166667,239,308,2.5,4,15,100,930.4,0,0
CUMBRES,08/04/2026,0.222222222,286,305,2.6,4.7,15,100,930.3,0,0
CUMBRES,08/04/2026,0.215277778,195,192,1.7,3.6,14.9,100,930.3,0,0
CUMBRES,08/04/2026,0.208333333,254,319,1.9,4.3,15,100,930.3,0,0
CUMBRES,08/04/2026,0.201388889,245,286,0.9,3.6,15.1,100,930.3,0,0
CUMBRES,08/04/2026,0.194444444,280,282,1.2,3.6,15.1,100,930.3,0,0
CUMBRES,08/04/2026,0.1875,48,108,0.5,2.5,15.1,100,930.2,0,0
CUMBRES,08/04/2026,0.180555556,212,235,1.5,3.6,15.1,100,930.1,0,0
CUMBRES,08/04/2026,0.173611111,98,235,1.4,3.2,15.1,100,930.1,0,0
CUMBRES,08/04/2026,0.166666667,223,255,1,2.9,15,100,930,0,0
CUMBRES,08/04/2026,0.159722222,240,216,1.8,3.6,15,100,930.1,0,0
CUMBRES,08/04/2026,0.152777778,51,347,0.5,2.5,15,100,930.2,0,0
CUMBRES,08/04/2026,0.145833333,274,222,1.2,4,14.9,100,930.3,0,0
CUMBRES,08/04/2026,0.138888889,219,198,2.2,3.6,14.8,100,930.3,0,0
CUMBRES,08/04/2026,0.131944444,212,211,1.8,3.2,14.7,100,930.3,0,0
CUMBRES,08/04/2026,0.125,296,322,2.1,4.3,14.6,100,930.3,0,0
CUMBRES,08/04/2026,0.118055556,296,221,0.9,3.6,14.6,100,930.4,0,0
CUMBRES,08/04/2026,0.111111111,184,201,2.1,5.4,14.4,100,930.4,0,0
CUMBRES,08/04/2026,0.104166667,265,318,2,5,14.3,100,930.4,0,0
CUMBRES,08/04/2026,0.097222222,249,204,2.2,5,14.1,100,930.4,0,0
CUMBRES,08/04/2026,0.090277778,220,198,2.5,5.4,13.9,100,930.4,0,0
CUMBRES,08/04/2026,0.083333333,242,197,2.7,6.5,13.6,100,930.4,0,0
CUMBRES,08/04/2026,0.076388889,217,216,2,5.4,13.5,100,930.6,0,0
CUMBRES,08/04/2026,0.069444444,192,165,2,6.1,13.6,100,930.5,0,0
CUMBRES,08/04/2026,0.0625,235,189,2.4,5,13.6,100,930.5,0,0
CUMBRES,08/04/2026,0.055555556,239,211,2.4,5.8,13.8,100,930.5,0,0
CUMBRES,08/04/2026,0.048611111,213,173,2.8,5.8,14.2,97,930.5,0,0
CUMBRES,08/04/2026,0.041666667,247,171,2.5,7.2,14.7,92,930.5,0,0
CUMBRES,08/04/2026,0.034722222,221,216,2.8,6.5,15.1,88,930.5,0,0
CUMBRES,08/04/2026,0.027777778,238,183,2.4,5,15.4,85,930.7,0,0
CUMBRES,08/04/2026,0.020833333,234,254,2.9,7.9,15.6,83,930.8,0,0
CUMBRES,08/04/2026,0.013888889,343,0,2,7.6,16,79,931,0,0
CUMBRES,08/04/2026,0.006944444,349,352,4.3,17.6,16.3,73,931.2,0,0
CUMBRES,08/04/2026,0,356,349,5.1,14.8,16.2,73,931.3,0,0
CUMBRES,07/04/2026,0.993055556,0,344,6.4,14.8,16.1,72,931.3,0,0
CUMBRES,07/04/2026,0.986111111,349,329,6,12.2,16.1,73,931.3,0,0
CUMBRES,07/04/2026,0.979166667,345,25,5.8,14,16.3,73,931.5,0,0
CUMBRES,07/04/2026,0.972222222,349,343,5.8,16.2,16.3,75,931.5,0,0
CUMBRES,07/04/2026,0.965277778,341,347,4.2,9.7,16.9,72,931.7,0,0
CUMBRES,07/04/2026,0.958333333,355,25,8.1,19.8,17.4,64,931.8,0,0
CUMBRES,07/04/2026,0.951388889,5,357,10.6,21.2,17.5,63,931.7,0,0
CUMBRES,07/04/2026,0.944444444,6,36,10.7,21.6,17.7,62,931.7,0,0
CUMBRES,07/04/2026,0.9375,11,356,9.7,21.2,17.5,63,931.7,0,0
CUMBRES,07/04/2026,0.930555556,10,57,9,27.7,17.2,67,931.6,0,0
CUMBRES,07/04/2026,0.923611111,0,14,7.5,20.2,17.1,69,931.4,0,0
CUMBRES,07/04/2026,0.916666667,0,348,7.8,21.2,16.4,76,931.1,0,0
CUMBRES,07/04/2026,0.909722222,3,347,7.4,17.6,15.6,86,930.9,0,0
CUMBRES,07/04/2026,0.902777778,328,357,3.9,16.2,15.2,95,930.9,0,0
CUMBRES,07/04/2026,0.895833333,334,319,2.5,6.8,15.2,93,931.1,0,0
CUMBRES,07/04/2026,0.888888889,289,347,4.1,9.4,15.3,90,931.2,0,0
CUMBRES,07/04/2026,0.881944444,199,349,2.8,8.3,15.2,92,931.3,0,0
CUMBRES,07/04/2026,0.875,291,340,3.3,8.6,15.4,89,931.1,0.2,0
CUMBRES,07/04/2026,0.868055556,266,188,2.8,7.6,15.6,86,930.9,0,0
CUMBRES,07/04/2026,0.861111111,337,11,4.8,14,15.6,89,930.7,0,0
CUMBRES,07/04/2026,0.854166667,296,181,5.1,9.4,15.7,87,930.5,0,0
CUMBRES,07/04/2026,0.847222222,298,357,3.1,9.4,15.9,84,930.4,0,0
CUMBRES,07/04/2026,0.840277778,292,302,4.8,9.7,16.1,81,930.2,0,0
CUMBRES,07/04/2026,0.833333333,293,319,4.1,7.6,16.5,79,930.1,0,0
CUMBRES,07/04/2026,0.826388889,206,229,3.7,7.9,16.8,77,929.9,0,0
CUMBRES,07/04/2026,0.819444444,329,349,4,9,17.3,75,929.8,0,0
CUMBRES,07/04/2026,0.8125,271,287,4.1,10.8,17.7,72,929.7,0,0
CUMBRES,07/04/2026,0.805555556,242,77,3.8,11.5,18.2,68,929.6,0,0
CUMBRES,07/04/2026,0.798611111,346,351,3.4,8.3,18.9,65,929.5,0,0
CUMBRES,07/04/2026,0.791666667,1,36,6.4,20.5,18.9,64,929.3,0,0
CUMBRES,07/04/2026,0.784722222,344,340,5.1,12.2,19.1,65,929.1,0,0
CUMBRES,07/04/2026,0.777777778,342,357,5.6,15.8,19.6,62,929,0,0
CUMBRES,07/04/2026,0.770833333,334,334,5.9,13.3,20,59,928.9,0,0
CUMBRES,07/04/2026,0.763888889,351,25,5.2,14,20.2,57,928.9,0,0
CUMBRES,07/04/2026,0.756944444,2,42,9,20.9,20.2,56,928.8,0,0
CUMBRES,07/04/2026,0.75,335,341,7.4,14.4,20.4,57,928.7,0,0
CUMBRES,07/04/2026,0.743055556,352,349,5.7,17.3,20.6,55,928.8,0,0
CUMBRES,07/04/2026,0.736111111,342,353,7.8,18.4,20.7,55,928.7,0,0
CUMBRES,07/04/2026,0.729166667,5,352,6.3,16.6,20.9,54,928.6,0,0
CUMBRES,07/04/2026,0.722222222,297,249,5.7,16.2,21.1,54,928.6,0,0
CUMBRES,07/04/2026,0.715277778,14,357,8.3,20.2,21.3,53,928.6,0,0
CUMBRES,07/04/2026,0.708333333,22,37,10.5,31.7,21.5,52,928.6,0,0
CUMBRES,07/04/2026,0.701388889,27,49,14.8,34.9,22.2,51,928.6,0,0
CUMBRES,07/04/2026,0.694444444,27,25,7.6,23,23.1,49,928.5,0,0
CUMBRES,07/04/2026,0.6875,25,42,10.6,28.4,23.5,48,928.5,0,0
CUMBRES,07/04/2026,0.680555556,27,31,6.3,25.2,23.9,47,928.5,0,0
CUMBRES,07/04/2026,0.673611111,17,41,9.1,31.7,24,47,928.6,0,0
CUMBRES,07/04/2026,0.666666667,21,51,7.4,28.4,24.1,47,928.6,0,0
CUMBRES,07/04/2026,0.659722222,32,50,11.8,31.7,24,47,928.7,0,0
CUMBRES,07/04/2026,0.652777778,50,24,11.5,31.7,24,47,928.7,0,0
CUMBRES,07/04/2026,0.645833333,38,34,11.8,35.3,24.1,47,928.8,0,0
CUMBRES,07/04/2026,0.638888889,37,18,13.7,39.6,24,47,929,0,0
CUMBRES,07/04/2026,0.631944444,39,75,12.6,27.7,24.3,46,929.1,0.2,0
CUMBRES,07/04/2026,0.625,40,35,8.6,25.2,24.1,46,929.1,0,0
CUMBRES,07/04/2026,0.618055556,41,54,11.6,32,24.1,46,929.3,0,0
CUMBRES,07/04/2026,0.611111111,38,36,9.3,30.2,24.3,45,929.4,0,0
CUMBRES,07/04/2026,0.604166667,36,68,10.1,27.4,24,46,929.6,0,0
CUMBRES,07/04/2026,0.597222222,44,23,11.8,32.8,23.9,46,929.8,0,0
CUMBRES,07/04/2026,0.590277778,48,36,11.7,28.4,24,45,929.8,0,0
CUMBRES,07/04/2026,0.583333333,23,52,9.4,37.4,23.9,45,930,0,0
CUMBRES,07/04/2026,0.576388889,31,37,9.8,27.7,23.9,46,930.3,0,0
CUMBRES,07/04/2026,0.569444444,36,51,7.7,28.1,23.8,46,930.4,0,0
CUMBRES,07/04/2026,0.5625,43,15,8.9,25.6,23.6,47,930.6,0,0
CUMBRES,07/04/2026,0.555555556,36,62,11.2,33.1,23.6,47,930.8,0,0
CUMBRES,07/04/2026,0.548611111,51,59,8.1,28.1,23.4,47,930.9,0,0
CUMBRES,07/04/2026,0.541666667,34,34,9.5,23.4,23.3,47,931.1,0,0
CUMBRES,07/04/2026,0.534722222,20,29,7.8,23,23.1,48,931.3,0,0
CUMBRES,07/04/2026,0.527777778,54,51,8.9,26.3,22.9,48,931.6,0,0
CUMBRES,07/04/2026,0.520833333,29,21,5.8,16.9,22.8,47,931.8,0,0
CUMBRES,07/04/2026,0.513888889,28,17,9.2,31,23,48,932,0,0
CUMBRES,07/04/2026,0.506944444,32,45,7.4,24.5,22.9,48,932.2,0,0
CUMBRES,07/04/2026,0.5,27,61,7.1,22.3,22.9,47,932.3,0,0
CUMBRES,07/04/2026,0.493055556,33,52,5.8,20.5,23,47,932.4,0,0
CUMBRES,07/04/2026,0.486111111,81,52,5.3,19.8,22.6,49,932.7,0,0
CUMBRES,07/04/2026,0.479166667,42,60,5.7,18.4,22.5,48,932.8,0,0
CUMBRES,07/04/2026,0.472222222,67,53,6.8,22.7,22,49,932.9,0,0
CUMBRES,07/04/2026,0.465277778,64,25,6.8,17.3,21.4,49,933.2,0,0
CUMBRES,07/04/2026,0.458333333,129,84,5.3,14.8,21.5,48,933.3,0,0
CUMBRES,07/04/2026,0.451388889,65,67,5.5,15.5,21.2,51,933.3,0,0
CUMBRES,07/04/2026,0.444444444,45,78,6.3,17.6,20.8,53,933.4,0,0
CUMBRES,07/04/2026,0.4375,36,67,6.5,15.5,20.7,53,933.5,0,0
CUMBRES,07/04/2026,0.430555556,47,59,5.8,16.6,20.3,53,933.5,0,0
CUMBRES,07/04/2026,0.423611111,90,44,4.5,14,19.8,52,933.7,0,0
CUMBRES,07/04/2026,0.416666667,73,51,5.8,14.8,19.5,52,933.8,0,0
CUMBRES,07/04/2026,0.409722222,34,48,4.6,13.3,18.5,56,933.8,0,0
CUMBRES,07/04/2026,0.402777778,44,31,6.2,14,18.9,55,933.7,0,0
CUMBRES,07/04/2026,0.395833333,54,65,5.2,14.8,18.5,57,933.9,0,0
CUMBRES,07/04/2026,0.388888889,40,63,5.2,14,18.1,60,933.8,0,0
CUMBRES,07/04/2026,0.381944444,43,50,3.8,11.2,17,70,933.9,0,0
CUMBRES,07/04/2026,0.375,57,56,2.8,7.2,16.3,80,933.9,0,0
VENUSTIANO CARRANZA,#¡VALOR!,#¡VALOR!,Dirección del Viento,Dirección de ráfaga (grados),Rapidez de viento (km/h),Rapidez de ráfaga (km/h),Temperatura del Aire (°C),Humedad relativa (%),Presión Atmosférica (hpa),Precipitación (mm),Radiación Solar (W/m²)
VENUSTIANO CARRANZA,14/04/2026,0.340277778,124,115,20.8,32.8,24.5,78,983.3,0,338
VENUSTIANO CARRANZA,14/04/2026,0.333333333,129,140,20.6,30.4,24.2,78,983.4,0,178
VENUSTIANO CARRANZA,14/04/2026,0.326388889,123,117,22.1,34,24,79,983.2,0,156
VENUSTIANO CARRANZA,14/04/2026,0.319444444,121,114,19.4,29.4,24.1,79,983.2,0,219
VENUSTIANO CARRANZA,14/04/2026,0.3125,126,119,18.9,30.6,23.9,79,983.2,0,184
VENUSTIANO CARRANZA,14/04/2026,0.305555556,127,136,17.7,27.6,23.6,80,983.2,0,145
VENUSTIANO CARRANZA,14/04/2026,0.298611111,123,119,18.7,29.2,23.3,81,982.9,0,108
VENUSTIANO CARRANZA,14/04/2026,0.291666667,126,127,17,27.6,23,81,983,0,85
VENUSTIANO CARRANZA,14/04/2026,0.284722222,121,121,16.1,27.4,22.8,82,982.9,0,56
VENUSTIANO CARRANZA,14/04/2026,0.277777778,122,135,16.9,27.1,22.5,82,982.8,0,24
VENUSTIANO CARRANZA,14/04/2026,0.270833333,122,115,17.5,30.4,22.3,83,982.6,0,12
VENUSTIANO CARRANZA,14/04/2026,0.263888889,117,115,19,28,22.2,83,982.5,0,3
VENUSTIANO CARRANZA,14/04/2026,0.256944444,116,120,19.4,28.7,22.2,83,982.2,0,0
VENUSTIANO CARRANZA,14/04/2026,0.25,120,131,21.7,33.4,22.2,83,982.1,0,0
VENUSTIANO CARRANZA,14/04/2026,0.243055556,118,128,22.4,34.4,22.3,83,982.1,0,0
VENUSTIANO CARRANZA,14/04/2026,0.236111111,120,125,22.5,36,22.5,82,982.2,0,0
VENUSTIANO CARRANZA,14/04/2026,0.229166667,121,118,22.6,32.1,22.7,82,982.2,0,0
VENUSTIANO CARRANZA,14/04/2026,0.222222222,124,126,21.7,32.8,22.7,82,982.1,0,0
VENUSTIANO CARRANZA,14/04/2026,0.215277778,124,131,21.7,35,22.7,82,982,0,0
VENUSTIANO CARRANZA,14/04/2026,0.208333333,123,134,19.3,31.2,22.7,82,982.2,0,0
VENUSTIANO CARRANZA,14/04/2026,0.201388889,122,122,21.8,34.1,22.8,82,982.2,0,0
VENUSTIANO CARRANZA,14/04/2026,0.194444444,125,118,22.7,38.3,22.8,82,982.1,0,0
VENUSTIANO CARRANZA,14/04/2026,0.1875,125,143,23.9,35.8,22.8,82,982.2,0,0
VENUSTIANO CARRANZA,14/04/2026,0.180555556,128,121,24.9,38.8,22.9,82,982.2,0,0
VENUSTIANO CARRANZA,14/04/2026,0.173611111,126,131,24.3,39.2,22.9,81,982.1,0,0
VENUSTIANO CARRANZA,14/04/2026,0.166666667,124,116,24.5,38.1,22.9,81,982.1,0,0
VENUSTIANO CARRANZA,14/04/2026,0.159722222,122,133,25.5,41.5,23,81,981.9,0,0
VENUSTIANO CARRANZA,14/04/2026,0.152777778,122,133,25.6,40.8,23.1,81,981.9,0,0
VENUSTIANO CARRANZA,14/04/2026,0.145833333,125,133,29.4,45.9,23.1,81,981.9,0,0
VENUSTIANO CARRANZA,14/04/2026,0.138888889,124,118,23.8,41.3,23.1,81,981.9,0,0
VENUSTIANO CARRANZA,14/04/2026,0.131944444,125,134,23.7,35.3,23.2,81,981.9,0,0
VENUSTIANO CARRANZA,14/04/2026,0.125,121,116,22.3,39.7,23.2,81,982,0,0
VENUSTIANO CARRANZA,14/04/2026,0.118055556,121,120,25.3,37.2,23.3,81,982.2,0,0
VENUSTIANO CARRANZA,14/04/2026,0.111111111,119,110,21.6,31.5,23.3,81,982.2,0,0
VENUSTIANO CARRANZA,14/04/2026,0.104166667,124,143,21.5,33.1,23.4,81,982.3,0,0
VENUSTIANO CARRANZA,14/04/2026,0.097222222,122,108,18.8,31.2,23.4,81,982.4,0,0
VENUSTIANO CARRANZA,14/04/2026,0.090277778,121,123,18.9,29,23.4,81,982.4,0,0
VENUSTIANO CARRANZA,14/04/2026,0.083333333,124,142,20,33.7,23.5,81,982.8,0,0
VENUSTIANO CARRANZA,14/04/2026,0.076388889,125,119,19.7,35.8,23.6,81,982.8,0,0
VENUSTIANO CARRANZA,14/04/2026,0.069444444,123,105,22.8,34.6,23.7,80,982.9,0,0
VENUSTIANO CARRANZA,14/04/2026,0.0625,123,121,22.3,35.6,23.7,80,983.1,0,0
VENUSTIANO CARRANZA,14/04/2026,0.055555556,125,129,20.1,34.2,23.7,80,983.2,0,0
VENUSTIANO CARRANZA,14/04/2026,0.048611111,124,118,21.7,34,23.8,80,983.1,0,0
VENUSTIANO CARRANZA,14/04/2026,0.041666667,123,128,21.7,34.2,23.9,80,983.3,0,0
VENUSTIANO CARRANZA,14/04/2026,0.034722222,125,131,23.2,41.1,23.9,80,983.2,0,0
VENUSTIANO CARRANZA,14/04/2026,0.027777778,121,141,25.8,39.7,24.1,79,983.4,0,0
VENUSTIANO CARRANZA,14/04/2026,0.020833333,125,136,27.7,46.1,24.2,79,983.2,0,0
VENUSTIANO CARRANZA,14/04/2026,0.013888889,126,130,24.3,43.8,24.4,78,983.2,0,0
VENUSTIANO CARRANZA,14/04/2026,0.006944444,123,123,28.4,44,24.6,78,983,0,0
VENUSTIANO CARRANZA,14/04/2026,0,120,110,25.5,38.5,24.7,78,983.3,0,0
VENUSTIANO CARRANZA,13/04/2026,0.993055556,124,132,28.6,45.6,24.9,77,983.2,0,0
VENUSTIANO CARRANZA,13/04/2026,0.986111111,120,121,28.8,44.1,25,77,983.2,0,0
VENUSTIANO CARRANZA,13/04/2026,0.979166667,124,117,25.6,47.7,25.3,77,983.4,0,0
VENUSTIANO CARRANZA,13/04/2026,0.972222222,124,125,30.3,45.4,25.5,76,983.5,0,0
VENUSTIANO CARRANZA,13/04/2026,0.965277778,122,120,27.5,45.6,25.6,76,983.3,0,0
VENUSTIANO CARRANZA,13/04/2026,0.958333333,124,133,24.4,41.3,25.8,75,983.5,0,0
VENUSTIANO CARRANZA,13/04/2026,0.951388889,123,122,25,39,26,75,983.5,0,0
VENUSTIANO CARRANZA,13/04/2026,0.944444444,126,133,29.2,50,26.2,74,983.4,0,0
VENUSTIANO CARRANZA,13/04/2026,0.9375,120,113,28.4,41.3,26.4,74,983.3,0,0
VENUSTIANO CARRANZA,13/04/2026,0.930555556,121,129,28.2,44.1,26.6,73,983.2,0,0
VENUSTIANO CARRANZA,13/04/2026,0.923611111,120,138,24.9,37.7,26.7,73,983.2,0,0
VENUSTIANO CARRANZA,13/04/2026,0.916666667,128,136,21.7,43.6,26.9,72,983.5,0,0
VENUSTIANO CARRANZA,13/04/2026,0.909722222,129,130,25.8,40.6,27.2,71,983.5,0,0
VENUSTIANO CARRANZA,13/04/2026,0.902777778,125,126,21.2,37.4,27.3,71,983.4,0,0
VENUSTIANO CARRANZA,13/04/2026,0.895833333,123,127,21.7,35.6,27.4,70,983.2,0,0
VENUSTIANO CARRANZA,13/04/2026,0.888888889,123,120,24,38.5,27.6,70,983.2,0,0
VENUSTIANO CARRANZA,13/04/2026,0.881944444,129,130,26.7,43.2,27.8,69,983.1,0,0
VENUSTIANO CARRANZA,13/04/2026,0.875,124,142,21.4,32,28,68,982.9,0,0
VENUSTIANO CARRANZA,13/04/2026,0.868055556,125,108,23.7,39.9,28.2,67,982.9,0,0
VENUSTIANO CARRANZA,13/04/2026,0.861111111,119,116,24,39.7,28.4,66,982.7,0,0
VENUSTIANO CARRANZA,13/04/2026,0.854166667,120,108,24.7,39.7,28.6,65,982.4,0,0
VENUSTIANO CARRANZA,13/04/2026,0.847222222,118,116,20.6,36.3,28.7,64,982.2,0,0
VENUSTIANO CARRANZA,13/04/2026,0.840277778,124,113,22.6,36.5,29,63,981.9,0,0
VENUSTIANO CARRANZA,13/04/2026,0.833333333,116,113,22.1,35.1,29.2,62,981.8,0,0
VENUSTIANO CARRANZA,13/04/2026,0.826388889,118,116,22.1,35.8,29.3,61,981.7,0,0
VENUSTIANO CARRANZA,13/04/2026,0.819444444,119,108,22.1,35.1,29.4,60,981.6,0,0
VENUSTIANO CARRANZA,13/04/2026,0.8125,121,132,21.3,38.3,29.6,59,981.5,0,0
VENUSTIANO CARRANZA,13/04/2026,0.805555556,120,108,21.3,34.7,29.8,58,981.3,0,0
VENUSTIANO CARRANZA,13/04/2026,0.798611111,121,108,19.6,31.7,30,57,981.1,0,0
VENUSTIANO CARRANZA,13/04/2026,0.791666667,117,118,21.3,31.3,30.1,56,980.9,0,7
VENUSTIANO CARRANZA,13/04/2026,0.784722222,123,114,24.9,37.7,30.5,55,980.9,0,22
VENUSTIANO CARRANZA,13/04/2026,0.777777778,121,131,22,36.5,30.8,52,980.8,0,40
VENUSTIANO CARRANZA,13/04/2026,0.770833333,123,112,21.5,37.2,30.9,52,980.7,0,60
VENUSTIANO CARRANZA,13/04/2026,0.763888889,129,133,22.9,36.5,31.1,50,980.7,0,73
VENUSTIANO CARRANZA,13/04/2026,0.756944444,123,130,24.2,42,30.9,50,980.4,0,115
VENUSTIANO CARRANZA,13/04/2026,0.75,121,122,24.1,37.5,31,50,980.5,0,60
VENUSTIANO CARRANZA,13/04/2026,0.743055556,118,115,24,37.9,31.4,49,980.7,0,57
VENUSTIANO CARRANZA,13/04/2026,0.736111111,119,137,21.9,37,31.6,48,980.6,0,198
VENUSTIANO CARRANZA,13/04/2026,0.729166667,125,90,23.7,42.7,31.6,48,980.7,0,155
VENUSTIANO CARRANZA,13/04/2026,0.722222222,121,116,20.6,34.7,32.4,45,980.7,0,229
VENUSTIANO CARRANZA,13/04/2026,0.715277778,126,133,21.8,36.6,32.2,46,980.5,0,292
VENUSTIANO CARRANZA,13/04/2026,0.708333333,129,138,18.6,32.7,32.5,45,980.6,0,327
VENUSTIANO CARRANZA,13/04/2026,0.701388889,131,122,21.8,35.2,32.1,45,980.8,0,360
VENUSTIANO CARRANZA,13/04/2026,0.694444444,130,131,20.2,33.6,32.3,45,980.9,0,395
VENUSTIANO CARRANZA,13/04/2026,0.6875,127,133,21.4,33.8,32.4,45,981,0,426
VENUSTIANO CARRANZA,13/04/2026,0.680555556,124,140,15.4,30.2,32.9,45,981,0,460
VENUSTIANO CARRANZA,13/04/2026,0.673611111,122,134,20.1,36.3,32.5,44,980.9,0,494
VENUSTIANO CARRANZA,13/04/2026,0.666666667,119,100,19.3,32.4,32.3,45,981.2,0,524
VENUSTIANO CARRANZA,13/04/2026,0.659722222,123,132,19.6,33.4,32.1,46,981.3,0,552
VENUSTIANO CARRANZA,13/04/2026,0.652777778,122,142,19.6,30,32.2,46,981.5,0,584
VENUSTIANO CARRANZA,13/04/2026,0.645833333,119,137,18.5,31.3,32.3,46,981.6,0,607
VENUSTIANO CARRANZA,13/04/2026,0.638888889,135,143,17.1,28.1,32.4,47,981.9,0,638
VENUSTIANO CARRANZA,13/04/2026,0.631944444,107,119,17.7,28.8,32.3,47,981.9,0,663
VENUSTIANO CARRANZA,13/04/2026,0.625,116,118,17.2,30.9,32,48,982.3,0,692
VENUSTIANO CARRANZA,13/04/2026,0.618055556,121,107,15.2,26.5,31.8,48,982.5,0,710
VENUSTIANO CARRANZA,13/04/2026,0.611111111,120,93,15.3,25.7,31.4,49,982.6,0,736
VENUSTIANO CARRANZA,13/04/2026,0.604166667,113,99,15.6,26.8,31.4,48,982.9,0,757
VENUSTIANO CARRANZA,13/04/2026,0.597222222,115,104,15.8,27.7,31.7,48,983,0,777
VENUSTIANO CARRANZA,13/04/2026,0.590277778,112,113,13.3,24.9,31.8,48,982.9,0,798
VENUSTIANO CARRANZA,13/04/2026,0.583333333,122,148,14.5,30.1,31.1,49,983.5,0,812
VENUSTIANO CARRANZA,13/04/2026,0.576388889,128,136,15.8,27.4,30.9,50,983.6,0,829
VENUSTIANO CARRANZA,13/04/2026,0.569444444,114,107,15.8,27.9,30.8,51,983.7,0,841
VENUSTIANO CARRANZA,13/04/2026,0.5625,111,84,15.2,29.1,31.3,49,984,0,853
VENUSTIANO CARRANZA,13/04/2026,0.555555556,114,143,13.4,23.1,30.9,49,984.2,0,860
VENUSTIANO CARRANZA,13/04/2026,0.548611111,110,118,14.7,27,30.2,51,984.3,0,873
VENUSTIANO CARRANZA,13/04/2026,0.541666667,123,141,15.3,25.4,29.8,53,984.5,0,877
VENUSTIANO CARRANZA,13/04/2026,0.534722222,119,105,15,28.1,30.6,51,984.6,0,882
VENUSTIANO CARRANZA,13/04/2026,0.527777778,127,124,15.5,29.7,30.1,52,984.7,0,886
VENUSTIANO CARRANZA,13/04/2026,0.520833333,108,121,16.4,29.7,29.4,55,984.8,0,889
VENUSTIANO CARRANZA,13/04/2026,0.513888889,112,129,16,29.9,29.3,55,984.8,0,890
VENUSTIANO CARRANZA,13/04/2026,0.506944444,118,124,16.3,27.4,29.2,57,984.9,0,889
VENUSTIANO CARRANZA,13/04/2026,0.5,123,123,15.3,23.7,28.6,57,985.2,0,879
VENUSTIANO CARRANZA,13/04/2026,0.493055556,114,91,16.3,27.1,28.1,59,985.4,0,875
VENUSTIANO CARRANZA,13/04/2026,0.486111111,128,127,15.4,27.8,28.4,58,985.8,0,868
VENUSTIANO CARRANZA,13/04/2026,0.479166667,104,84,16.1,29.5,27.9,59,985.8,0,861
VENUSTIANO CARRANZA,13/04/2026,0.472222222,123,138,14,25.5,27.9,62,985.9,0,850
VENUSTIANO CARRANZA,13/04/2026,0.465277778,117,121,12.5,23.1,28.2,60,986,0,835
VENUSTIANO CARRANZA,13/04/2026,0.458333333,119,139,11.5,20.8,27.5,62,986.2,0,822
VENUSTIANO CARRANZA,13/04/2026,0.451388889,119,118,13.8,26,27,63,986.4,0,806
VENUSTIANO CARRANZA,13/04/2026,0.444444444,110,106,13.6,22.1,26.9,63,986.4,0,787
VENUSTIANO CARRANZA,13/04/2026,0.4375,123,141,14,23.1,26.6,65,986.5,0,769
VENUSTIANO CARRANZA,13/04/2026,0.430555556,118,126,14.9,23.9,26.2,67,986.5,0,748
VENUSTIANO CARRANZA,13/04/2026,0.423611111,113,88,16.2,24.4,26.1,67,986.4,0,726
VENUSTIANO CARRANZA,13/04/2026,0.416666667,110,96,16.1,24.8,25.8,69,986.6,0,701
VENUSTIANO CARRANZA,13/04/2026,0.409722222,122,133,16.9,28,25.5,69,986.7,0,677
VENUSTIANO CARRANZA,13/04/2026,0.402777778,120,123,17.9,29.2,25.5,70,986.7,0,640
VENUSTIANO CARRANZA,13/04/2026,0.395833333,122,129,16.7,25.5,24.9,71,986.8,0,583
VENUSTIANO CARRANZA,13/04/2026,0.388888889,118,121,16.7,27.6,24.9,72,986.8,0,518
VENUSTIANO CARRANZA,13/04/2026,0.381944444,114,123,18,26.7,24.6,72,986.6,0,591
VENUSTIANO CARRANZA,13/04/2026,0.375,110,100,17,27.3,24.2,74,986.8,0,563
VENUSTIANO CARRANZA,13/04/2026,0.368055556,126,130,15.5,24.8,24,75,986.8,0,509
VENUSTIANO CARRANZA,13/04/2026,0.361111111,125,127,16.8,25.3,23.6,77,986.8,0,138
VENUSTIANO CARRANZA,13/04/2026,0.354166667,126,147,17.7,27.1,23.2,78,987,0,416
VENUSTIANO CARRANZA,13/04/2026,0.347222222,121,118,19,28.5,22.7,79,986.9,0,217
VENUSTIANO CARRANZA,13/04/2026,0.340277778,113,94,18.8,28.3,22.4,80,986.6,0,209
VENUSTIANO CARRANZA,13/04/2026,0.333333333,122,116,17,31,22.5,80,986.5,0,392
VENUSTIANO CARRANZA,13/04/2026,0.326388889,117,123,18.9,29.4,21.8,82,986.4,0,301
VENUSTIANO CARRANZA,13/04/2026,0.319444444,115,110,15.8,27.1,21.5,83,986.3,0,270
VENUSTIANO CARRANZA,13/04/2026,0.3125,112,103,14,24.2,21.3,83,986.2,0,220
VENUSTIANO CARRANZA,13/04/2026,0.305555556,90,91,9.1,13.4,21.4,84,986.1,0,174
VENUSTIANO CARRANZA,13/04/2026,0.298611111,67,51,7.8,11.8,21.1,84,985.9,0,105
VENUSTIANO CARRANZA,13/04/2026,0.291666667,65,63,6.5,9.5,20.8,84,986,0,105
VENUSTIANO CARRANZA,13/04/2026,0.284722222,79,86,7.3,10.9,20.4,85,985.8,0,71
VENUSTIANO CARRANZA,13/04/2026,0.277777778,87,85,7.6,9.6,20,85,985.6,0,43
VENUSTIANO CARRANZA,13/04/2026,0.270833333,94,90,7.9,10.5,19.7,85,985.5,0,18
VENUSTIANO CARRANZA,13/04/2026,0.263888889,100,91,9.6,13.2,19.7,85,985.3,0,4
VENUSTIANO CARRANZA,13/04/2026,0.256944444,93,87,11.5,15.5,19.8,85,985,0,0
VENUSTIANO CARRANZA,13/04/2026,0.25,89,85,10.7,13.5,19.8,85,985.1,0,0
VENUSTIANO CARRANZA,13/04/2026,0.243055556,92,90,11.4,13.9,19.8,85,985,0,0
VENUSTIANO CARRANZA,13/04/2026,0.236111111,92,98,9.7,13,19.8,85,984.8,0,0
VENUSTIANO CARRANZA,13/04/2026,0.229166667,100,106,8.6,11.4,19.9,85,984.8,0,0
VENUSTIANO CARRANZA,13/04/2026,0.222222222,91,87,9.6,13.7,20.1,85,984.8,0,0
VENUSTIANO CARRANZA,13/04/2026,0.173611111,64,65,12.2,14.8,21,85,984.2,0,0
VENUSTIANO CARRANZA,13/04/2026,0.166666667,61,59,11.5,13.8,21.1,85,984.3,0,0
VENUSTIANO CARRANZA,13/04/2026,0.159722222,61,56,13,16.4,21.1,85,984.3,0,0
VENUSTIANO CARRANZA,13/04/2026,0.152777778,45,51,10.1,13.9,21.3,85,984.2,0,0
VENUSTIANO CARRANZA,13/04/2026,0.145833333,43,51,7.8,12.3,21.5,84,984.2,0,0
VENUSTIANO CARRANZA,13/04/2026,0.138888889,68,80,9.7,13.2,21.6,84,984.3,0,0
VENUSTIANO CARRANZA,13/04/2026,0.131944444,81,91,9.6,12.9,21.6,84,984,0,0
VENUSTIANO CARRANZA,13/04/2026,0.125,84,93,11.6,16.1,21.7,84,984.2,0,0
VENUSTIANO CARRANZA,13/04/2026,0.118055556,87,95,12.3,17.5,21.8,84,984.3,0,0
VENUSTIANO CARRANZA,13/04/2026,0.111111111,87,98,12.2,15.9,21.8,84,984.2,0,0
VENUSTIANO CARRANZA,13/04/2026,0.104166667,87,95,12.3,17.1,22,84,984.3,0,0
VENUSTIANO CARRANZA,13/04/2026,0.097222222,97,100,11.6,15.2,22,84,984.4,0,0
VENUSTIANO CARRANZA,13/04/2026,0.090277778,96,90,13,19.1,22.3,84,984.3,0,0
VENUSTIANO CARRANZA,13/04/2026,0.083333333,97,99,14.9,20.1,22.4,84,984.6,0,0
VENUSTIANO CARRANZA,13/04/2026,0.076388889,103,92,14.7,19.8,22.5,84,984.6,0,0
VENUSTIANO CARRANZA,13/04/2026,0.069444444,110,115,13.5,19.2,22.7,84,984.8,0,0
VENUSTIANO CARRANZA,13/04/2026,0.0625,107,107,13.3,19.6,22.7,84,984.9,0,0
VENUSTIANO CARRANZA,13/04/2026,0.055555556,100,97,16.3,22.6,22.9,83,984.9,0,0
VENUSTIANO CARRANZA,13/04/2026,0.006944444,86,94,17.2,23.7,23.8,82,984.7,0,0
VENUSTIANO CARRANZA,13/04/2026,0,85,89,15,21,23.9,82,984.8,0,0
VENUSTIANO CARRANZA,12/04/2026,0.993055556,94,97,14,20.3,23.9,82,984.8,0,0
VENUSTIANO CARRANZA,12/04/2026,0.986111111,96,94,15.4,21.5,24.1,81,984.8,0,0
VENUSTIANO CARRANZA,12/04/2026,0.979166667,94,87,16.9,23.5,24.3,81,984.8,0,0
VENUSTIANO CARRANZA,12/04/2026,0.972222222,94,104,18.2,26.7,24.4,81,984.7,0,0
VENUSTIANO CARRANZA,12/04/2026,0.965277778,102,106,19.7,28.5,24.6,80,984.3,0,0
VENUSTIANO CARRANZA,12/04/2026,0.958333333,95,89,17.4,26.9,24.7,80,984.4,0,0
VENUSTIANO CARRANZA,12/04/2026,0.951388889,100,99,18.4,25.1,24.9,80,984.4,0,0
VENUSTIANO CARRANZA,12/04/2026,0.944444444,104,101,17.2,25.8,25,80,984.2,0,0
VENUSTIANO CARRANZA,12/04/2026,0.9375,102,87,17.5,23.7,25.1,79,983.9,0,0
VENUSTIANO CARRANZA,12/04/2026,0.930555556,104,112,19.1,28.8,25.4,79,983.8,0,0
VENUSTIANO CARRANZA,12/04/2026,0.923611111,108,117,18.1,25.6,25.5,79,983.6,0,0
VENUSTIANO CARRANZA,12/04/2026,0.916666667,109,116,17.5,27.6,25.6,78,983.9,0,0
VENUSTIANO CARRANZA,12/04/2026,0.909722222,113,117,17.6,28.5,25.7,78,983.6,0,0
VENUSTIANO CARRANZA,12/04/2026,0.902777778,118,132,19.1,32.6,25.9,77,983.5,0,0
VENUSTIANO CARRANZA,12/04/2026,0.895833333,119,100,22,33.7,26.1,77,983.5,0,0
VENUSTIANO CARRANZA,12/04/2026,0.888888889,118,128,22.9,36.7,26.3,76,983.2,0,0
VENUSTIANO CARRANZA,12/04/2026,0.881944444,114,115,18.2,27.4,26.5,75,983,0,0
VENUSTIANO CARRANZA,12/04/2026,0.875,110,120,16.2,28.3,26.6,73,983.1,0,0
VENUSTIANO CARRANZA,12/04/2026,0.868055556,110,120,14.8,22.6,26.8,70,982.8,0,0
VENUSTIANO CARRANZA,12/04/2026,0.861111111,101,104,14.2,22.4,26.7,69,982.6,0,0
VENUSTIANO CARRANZA,12/04/2026,0.854166667,95,91,12.4,20.3,26.9,68,982.5,0,0
VENUSTIANO CARRANZA,12/04/2026,0.847222222,96,93,13.8,18.5,27.2,67,982.4,0,0
VENUSTIANO CARRANZA,12/04/2026,0.840277778,107,108,16.3,24.9,27.4,66,981.7,0,0
VENUSTIANO CARRANZA,12/04/2026,0.833333333,111,103,16.4,24.9,27.4,66,981.5,0,0
VENUSTIANO CARRANZA,12/04/2026,0.826388889,118,121,15.3,22.9,27.6,65,981.7,0,0
VENUSTIANO CARRANZA,12/04/2026,0.819444444,121,131,17,25.1,27.8,65,981.8,0,0
VENUSTIANO CARRANZA,12/04/2026,0.8125,123,123,18.3,29.5,27.9,65,981.7,0,0
VENUSTIANO CARRANZA,12/04/2026,0.805555556,128,137,16.7,31.3,28.1,63,981.7,0,0
VENUSTIANO CARRANZA,12/04/2026,0.798611111,126,125,18.9,30.8,28.5,62,981.6,0,0
VENUSTIANO CARRANZA,12/04/2026,0.791666667,127,134,16.9,24,28.6,62,981.6,0,8
VENUSTIANO CARRANZA,12/04/2026,0.784722222,127,129,17.6,28.3,28.9,62,981.3,0,21
VENUSTIANO CARRANZA,12/04/2026,0.777777778,125,128,18.5,28.6,29.2,61,981.4,0,32
VENUSTIANO CARRANZA,12/04/2026,0.770833333,127,138,18.5,29.7,29.4,60,981.3,0,52
VENUSTIANO CARRANZA,12/04/2026,0.763888889,135,155,18,27.6,29.4,59,981.1,0,67
VENUSTIANO CARRANZA,12/04/2026,0.756944444,128,130,18.2,29,29.4,58,980.8,0,30
VENUSTIANO CARRANZA,12/04/2026,0.75,128,121,20.2,32.4,29.8,58,981.1,0,42
VENUSTIANO CARRANZA,12/04/2026,0.743055556,126,121,18,28.6,29.9,57,980.7,0,68
VENUSTIANO CARRANZA,12/04/2026,0.736111111,130,144,17.5,29.5,30.4,56,980.8,0,89
VENUSTIANO CARRANZA,12/04/2026,0.729166667,122,136,15.1,30.5,31,55,980.5,0,223
VENUSTIANO CARRANZA,12/04/2026,0.722222222,119,115,20,30,30.8,55,980.7,0,261
VENUSTIANO CARRANZA,12/04/2026,0.715277778,125,123,17.3,26.7,31.2,54,980.5,0,296
VENUSTIANO CARRANZA,12/04/2026,0.708333333,124,109,19.4,28.6,31.1,53,980.4,0,328
VENUSTIANO CARRANZA,12/04/2026,0.701388889,124,145,17.9,26.1,31.3,54,980.3,0,367
VENUSTIANO CARRANZA,12/04/2026,0.694444444,141,136,17,25.6,30.9,53,980.6,0,403
VENUSTIANO CARRANZA,12/04/2026,0.6875,136,130,17.1,27.2,31.2,54,980.8,0,432
VENUSTIANO CARRANZA,12/04/2026,0.680555556,131,125,14.9,25.8,30.9,55,981.1,0,469
VENUSTIANO CARRANZA,12/04/2026,0.673611111,126,116,16.4,25.6,31.2,54,981,0,512
VENUSTIANO CARRANZA,12/04/2026,0.666666667,118,111,15.6,24.9,31.2,55,981.3,0,580
VENUSTIANO CARRANZA,12/04/2026,0.659722222,119,127,13.6,22.2,31.5,53,981.3,0,585
VENUSTIANO CARRANZA,12/04/2026,0.652777778,147,119,13.6,23.3,31.2,55,981.5,0,647
VENUSTIANO CARRANZA,12/04/2026,0.645833333,136,129,16.5,28.9,30.5,57,981.7,0,221
VENUSTIANO CARRANZA,12/04/2026,0.638888889,122,130,14.5,26,30.9,54,981.7,0,614
VENUSTIANO CARRANZA,12/04/2026,0.631944444,120,131,10.4,19,31.9,52,981.5,0,606
VENUSTIANO CARRANZA,12/04/2026,0.625,123,129,10.6,20.2,31.4,54,981.8,0,273
VENUSTIANO CARRANZA,12/04/2026,0.618055556,205,110,2.1,20,31.3,55,982.1,0,794
VENUSTIANO CARRANZA,12/04/2026,0.611111111,208,218,7.5,14,30.1,59,982.1,0,806
VENUSTIANO CARRANZA,12/04/2026,0.604166667,175,172,2.9,11.7,31.2,58,982.6,0,781
VENUSTIANO CARRANZA,12/04/2026,0.597222222,221,231,4.2,14.7,30.5,58,982.5,0,800
VENUSTIANO CARRANZA,12/04/2026,0.590277778,187,172,4.7,12.5,30.2,60,982.7,0,842
VENUSTIANO CARRANZA,12/04/2026,0.583333333,201,154,6.5,15.3,29.6,63,983,0,923
VENUSTIANO CARRANZA,12/04/2026,0.576388889,215,169,4,10.7,30.1,62,983.1,0,914
VENUSTIANO CARRANZA,12/04/2026,0.569444444,231,228,5.1,11.7,30.1,61,983.3,0,823
VENUSTIANO CARRANZA,12/04/2026,0.5625,237,256,5.9,10.6,29.3,64,983.5,0,817
VENUSTIANO CARRANZA,12/04/2026,0.555555556,251,246,4,9.6,29,67,983.7,0,965
VENUSTIANO CARRANZA,12/04/2026,0.548611111,194,134,2.8,9.6,28.8,68,983.8,0,356
VENUSTIANO CARRANZA,12/04/2026,0.541666667,115,117,8.5,17.8,28.9,65,983.9,0,327
VENUSTIANO CARRANZA,12/04/2026,0.534722222,164,199,5.1,11.9,28.6,66,983.9,0,342
VENUSTIANO CARRANZA,12/04/2026,0.527777778,192,213,5.2,9.4,27.7,71,984.2,0,927
VENUSTIANO CARRANZA,12/04/2026,0.520833333,202,195,5.5,8.9,26.7,75,984.3,0,429
VENUSTIANO CARRANZA,12/04/2026,0.513888889,183,234,2.5,9.4,27.2,73,984.6,0,518
VENUSTIANO CARRANZA,12/04/2026,0.506944444,180,162,4.2,8.7,27.9,69,984.4,0,378
VENUSTIANO CARRANZA,12/04/2026,0.5,199,220,4.4,7.1,27.1,72,984.9,0,395
VENUSTIANO CARRANZA,12/04/2026,0.493055556,204,213,5.8,8.5,26.7,73,985.1,0,1079
VENUSTIANO CARRANZA,12/04/2026,0.486111111,253,209,2.5,8.2,27.3,71,985.3,0,515
VENUSTIANO CARRANZA,12/04/2026,0.479166667,226,241,4.3,7.5,27.5,72,985.5,0,540
VENUSTIANO CARRANZA,12/04/2026,0.472222222,240,250,3.4,7.7,26.6,74,985.7,0,449
VENUSTIANO CARRANZA,12/04/2026,0.465277778,237,229,3.9,8.2,26.6,74,985.8,0,358
VENUSTIANO CARRANZA,12/04/2026,0.458333333,233,248,3.3,9.1,26.3,76,985.9,0,360
VENUSTIANO CARRANZA,12/04/2026,0.451388889,240,217,2.7,10,25.7,78,986,0,279
VENUSTIANO CARRANZA,12/04/2026,0.444444444,258,261,5.6,11.6,25.1,80,985.9,0,237
VENUSTIANO CARRANZA,12/04/2026,0.4375,209,173,2.9,9.1,24.8,80,985.7,0,135
VENUSTIANO CARRANZA,12/04/2026,0.430555556,189,157,5.2,10,25.6,78,985.7,0,254
VENUSTIANO CARRANZA,12/04/2026,0.423611111,129,143,6.4,10.5,26,77,985.5,0,326
VENUSTIANO CARRANZA,12/04/2026,0.416666667,146,172,7.6,12.5,24.8,80,985.6,0,209
VENUSTIANO CARRANZA,12/04/2026,0.409722222,142,150,9.5,15.9,24.5,81,985.7,0,175
VENUSTIANO CARRANZA,12/04/2026,0.402777778,144,128,12.1,18.3,24.2,81,985.7,0,167
VENUSTIANO CARRANZA,12/04/2026,0.395833333,142,134,11.2,18.7,24,82,985.6,0,203
VENUSTIANO CARRANZA,12/04/2026,0.388888889,165,145,11.8,17.3,23.6,82,985.9,0,85
VENUSTIANO CARRANZA,12/04/2026,0.381944444,163,163,11.5,18,23.6,82,985.8,0,34
VENUSTIANO CARRANZA,12/04/2026,0.375,156,169,10.3,16.3,23.6,82,985.7,0,31
VENUSTIANO CARRANZA,12/04/2026,0.368055556,132,136,11.8,20.4,23.6,82,985.4,0,63
VENUSTIANO CARRANZA,12/04/2026,0.361111111,132,151,14.9,21.8,23.5,82,985.1,0,124
VENUSTIANO CARRANZA,12/04/2026,0.354166667,127,131,15.1,22.4,23.4,83,985.1,0,121
VENUSTIANO CARRANZA,12/04/2026,0.347222222,135,132,11.5,22.4,23.3,83,985.1,0,82
VENUSTIANO CARRANZA,12/04/2026,0.340277778,128,121,13.7,20.5,23.1,83,984.8,0,161
VENUSTIANO CARRANZA,12/04/2026,0.333333333,123,109,13.5,17.3,22.8,83,985,0,53
VENUSTIANO CARRANZA,12/04/2026,0.326388889,121,118,10.9,16.6,22.9,83,985,0,65
VENUSTIANO CARRANZA,12/04/2026,0.319444444,114,114,11.7,17.1,22.8,84,985,0,88
VENUSTIANO CARRANZA,12/04/2026,0.3125,106,93,10.4,16.2,22.7,84,984.8,0,61
VENUSTIANO CARRANZA,12/04/2026,0.305555556,103,95,9.6,13.4,22.5,84,984.8,0,50
VENUSTIANO CARRANZA,12/04/2026,0.298611111,113,121,10.3,13.4,22.5,84,984.7,0,28
VENUSTIANO CARRANZA,12/04/2026,0.291666667,120,124,8.2,11.4,22.4,84,984.9,0,12
VENUSTIANO CARRANZA,12/04/2026,0.284722222,117,117,8.2,13.2,22.5,84,984.8,0,8
VENUSTIANO CARRANZA,12/04/2026,0.277777778,111,108,9,14.8,22.4,84,984.5,0,16
VENUSTIANO CARRANZA,12/04/2026,0.270833333,109,127,9.9,16.8,22.2,84,984.3,0,4
VENUSTIANO CARRANZA,12/04/2026,0.263888889,97,101,10.5,15.7,22.3,84,984.1,0,1
VENUSTIANO CARRANZA,12/04/2026,0.256944444,108,119,9.7,13.9,22.3,84,983.9,0,0
VENUSTIANO CARRANZA,12/04/2026,0.25,105,92,9.5,15,22.4,84,984.1,0,0
VENUSTIANO CARRANZA,12/04/2026,0.243055556,103,99,8.5,12.5,22.3,84,984,0,0
VENUSTIANO CARRANZA,12/04/2026,0.236111111,99,94,9,13.9,22.3,84,983.9,0,0
VENUSTIANO CARRANZA,12/04/2026,0.229166667,93,81,8.5,14.1,22.3,84,983.8,0,0
VENUSTIANO CARRANZA,12/04/2026,0.222222222,94,105,9.4,13.2,22.3,84,983.6,0,0
VENUSTIANO CARRANZA,12/04/2026,0.215277778,104,114,11.2,16.4,22.3,84,983.5,0,0
VENUSTIANO CARRANZA,12/04/2026,0.208333333,94,88,10.2,15.7,22.3,84,983.6,0,0
VENUSTIANO CARRANZA,12/04/2026,0.201388889,92,108,10.3,15.7,22.2,84,983.4,0,0
VENUSTIANO CARRANZA,12/04/2026,0.194444444,92,97,11,17.8,22.2,84,983.2,0,0
VENUSTIANO CARRANZA,12/04/2026,0.1875,96,94,13.4,23.5,22.2,84,982.9,0,0
VENUSTIANO CARRANZA,12/04/2026,0.180555556,96,96,19.7,28,22.3,84,982.5,0,0
VENUSTIANO CARRANZA,12/04/2026,0.173611111,106,99,18,26,22.4,84,982.4,0,0
VENUSTIANO CARRANZA,12/04/2026,0.166666667,107,124,18.4,26.9,22.5,84,982.8,0,0
VENUSTIANO CARRANZA,12/04/2026,0.159722222,107,96,18.5,28.1,22.5,83,982.8,0,0
VENUSTIANO CARRANZA,12/04/2026,0.152777778,109,109,18.6,27.6,22.6,83,982.8,0,0
VENUSTIANO CARRANZA,12/04/2026,0.145833333,105,112,18.7,28.5,22.6,83,982.9,0,0
VENUSTIANO CARRANZA,12/04/2026,0.138888889,112,123,16.2,24,22.7,83,982.9,0,0
VENUSTIANO CARRANZA,12/04/2026,0.131944444,115,114,18.8,29.7,22.7,83,982.7,0,0
VENUSTIANO CARRANZA,12/04/2026,0.125,113,119,16.8,23.5,22.7,83,982.6,0,0
VENUSTIANO CARRANZA,12/04/2026,0.118055556,109,104,18.4,27.1,22.7,83,982.7,0,0
VENUSTIANO CARRANZA,12/04/2026,0.111111111,110,103,17.5,26.5,22.7,83,982.7,0,0
VENUSTIANO CARRANZA,12/04/2026,0.104166667,112,112,14.8,21.7,22.7,83,982.9,0,0
VENUSTIANO CARRANZA,12/04/2026,0.097222222,113,106,14.3,22.1,22.8,83,983.2,0,0
VENUSTIANO CARRANZA,12/04/2026,0.090277778,112,108,15.8,23.7,22.8,83,983.1,0,0
VENUSTIANO CARRANZA,12/04/2026,0.083333333,111,111,15.9,23.5,22.8,83,983.4,0,0
VENUSTIANO CARRANZA,12/04/2026,0.076388889,115,127,14.8,23.3,22.8,82,983.5,0,0
VENUSTIANO CARRANZA,12/04/2026,0.069444444,117,121,15.1,22.1,22.8,82,983.6,0,0
VENUSTIANO CARRANZA,12/04/2026,0.0625,125,132,15.8,28.5,22.8,82,983.5,0,0
VENUSTIANO CARRANZA,12/04/2026,0.055555556,126,97,18,29.2,22.9,82,983.5,0,0
VENUSTIANO CARRANZA,12/04/2026,0.048611111,125,114,16.3,24.2,22.9,82,983.5,0,0
VENUSTIANO CARRANZA,12/04/2026,0.041666667,131,132,18,27.1,22.9,82,983.5,0,0
VENUSTIANO CARRANZA,12/04/2026,0.034722222,124,115,13.9,25.1,22.9,82,983.6,0,0
VENUSTIANO CARRANZA,12/04/2026,0.027777778,128,117,15.3,24.2,22.9,82,983.7,0,0
VENUSTIANO CARRANZA,12/04/2026,0.020833333,125,126,15.2,23.1,22.8,82,983.6,0,0
VENUSTIANO CARRANZA,12/04/2026,0.013888889,122,110,16,28.5,22.9,82,983.6,0,0
VENUSTIANO CARRANZA,12/04/2026,0.006944444,124,129,17.2,28.2,22.9,82,983.5,0,0
VENUSTIANO CARRANZA,12/04/2026,0,129,129,17.8,35.3,22.9,82,983.5,0,0
VENUSTIANO CARRANZA,11/04/2026,0.993055556,133,130,21.8,34.6,23,81,983.5,0,0
VENUSTIANO CARRANZA,11/04/2026,0.986111111,131,143,22.5,37.6,23.1,81,983.5,0,0
VENUSTIANO CARRANZA,11/04/2026,0.979166667,131,124,22.7,38.3,23.1,81,983.5,0,0
VENUSTIANO CARRANZA,11/04/2026,0.972222222,131,134,24.6,43.8,23.1,81,983.4,0,0
VENUSTIANO CARRANZA,11/04/2026,0.965277778,132,133,29.3,48.2,23.2,81,983.1,0,0
VENUSTIANO CARRANZA,11/04/2026,0.958333333,130,129,27.2,46.8,23.3,81,983.5,0,0
VENUSTIANO CARRANZA,11/04/2026,0.951388889,137,130,26,43.6,23.5,80,983.6,0,0
VENUSTIANO CARRANZA,11/04/2026,0.944444444,136,148,24,39.9,23.4,81,984,0,0
VENUSTIANO CARRANZA,11/04/2026,0.9375,135,131,28.8,43.8,23.5,80,983.7,0,0
VENUSTIANO CARRANZA,11/04/2026,0.930555556,133,130,24.8,40.8,23.5,80,983.8,0,0
VENUSTIANO CARRANZA,11/04/2026,0.923611111,137,133,26.4,42.9,23.6,80,983.8,0,0
VENUSTIANO CARRANZA,11/04/2026,0.916666667,134,130,28.4,45,23.7,80,984,0,0
VENUSTIANO CARRANZA,11/04/2026,0.909722222,132,145,25,42,23.6,81,983.8,0,0
VENUSTIANO CARRANZA,11/04/2026,0.902777778,134,128,26.6,38.3,23.6,80,983.9,0,0
VENUSTIANO CARRANZA,11/04/2026,0.895833333,127,135,24.1,41.3,23.7,80,983.9,0,0
VENUSTIANO CARRANZA,11/04/2026,0.888888889,128,143,19,28.5,23.9,79,983.8,0,0
VENUSTIANO CARRANZA,11/04/2026,0.881944444,131,131,26.5,42.7,24.1,79,983.6,0,0
VENUSTIANO CARRANZA,11/04/2026,0.875,125,131,25.2,40.8,24.2,78,983.5,0,0
VENUSTIANO CARRANZA,11/04/2026,0.868055556,123,128,25.8,43.8,24.5,78,983.3,0,0
VENUSTIANO CARRANZA,11/04/2026,0.861111111,122,135,21.2,36,24.6,77,983.5,0,0
VENUSTIANO CARRANZA,11/04/2026,0.854166667,132,131,23.2,36.7,24.7,77,983.8,0,0
VENUSTIANO CARRANZA,11/04/2026,0.847222222,134,127,23.1,39.2,24.8,76,984,0,0
VENUSTIANO CARRANZA,11/04/2026,0.840277778,133,140,22.5,39,24.9,75,983.6,0,0
VENUSTIANO CARRANZA,11/04/2026,0.833333333,129,132,25.4,47,25.2,74,983.4,0,0
VENUSTIANO CARRANZA,11/04/2026,0.826388889,128,129,28.1,46.5,25.4,73,983.2,0,0
VENUSTIANO CARRANZA,11/04/2026,0.819444444,125,120,24.8,35.6,25.7,71,983,0,0
VENUSTIANO CARRANZA,11/04/2026,0.8125,131,138,26.2,37.3,26,71,983.6,0,0
VENUSTIANO CARRANZA,11/04/2026,0.805555556,131,123,18.8,33,26.3,70,983.4,0,0
VENUSTIANO CARRANZA,11/04/2026,0.798611111,129,120,19.9,33.8,26.5,69,983,0,0
VENUSTIANO CARRANZA,11/04/2026,0.791666667,129,124,17.6,31.2,26.7,68,982.9,0,2
VENUSTIANO CARRANZA,11/04/2026,0.784722222,126,134,21.2,32.7,26.7,68,982.8,0,10
VENUSTIANO CARRANZA,11/04/2026,0.777777778,123,124,22.4,33.8,26.9,67,982.7,0,19
VENUSTIANO CARRANZA,11/04/2026,0.770833333,125,119,20,37.2,27.2,67,982.8,0,27
VENUSTIANO CARRANZA,11/04/2026,0.763888889,126,116,18.6,29.2,27.3,66,982.6,0,35
VENUSTIANO CARRANZA,11/04/2026,0.756944444,129,136,21.4,33.8,27.3,65,982.6,0,39
VENUSTIANO CARRANZA,11/04/2026,0.75,129,145,20.5,33.1,27.4,65,982.9,0,52
VENUSTIANO CARRANZA,11/04/2026,0.743055556,128,123,21.2,32.6,27.7,63,982.9,0,93
VENUSTIANO CARRANZA,11/04/2026,0.736111111,127,138,22,34.9,27.7,63,982.7,0,152
VENUSTIANO CARRANZA,11/04/2026,0.729166667,135,143,20.5,31.3,27.9,63,982.7,0,137
VENUSTIANO CARRANZA,11/04/2026,0.722222222,126,143,21.2,35.1,27.9,63,982.9,0,165
VENUSTIANO CARRANZA,11/04/2026,0.715277778,130,141,24.3,40.6,27.9,63,982.6,0,152
VENUSTIANO CARRANZA,11/04/2026,0.708333333,146,147,22.1,34.2,28.5,61,982.8,0,262
VENUSTIANO CARRANZA,11/04/2026,0.701388889,139,133,22.4,37,28.2,61,982.9,0,305
VENUSTIANO CARRANZA,11/04/2026,0.694444444,136,138,23.6,36.1,27.9,64,982.9,0,343
VENUSTIANO CARRANZA,11/04/2026,0.6875,139,137,22.6,37.2,27.9,63,983,0,211
VENUSTIANO CARRANZA,11/04/2026,0.680555556,130,124,23.4,38.6,27.8,64,983.4,0,296
VENUSTIANO CARRANZA,11/04/2026,0.673611111,132,114,22.4,36.8,27.4,66,983.3,0,151
VENUSTIANO CARRANZA,11/04/2026,0.666666667,144,138,22.4,38.1,28,64,983.6,0,335
VENUSTIANO CARRANZA,11/04/2026,0.659722222,128,127,24.5,41.6,27.8,64,983.6,0,275
VENUSTIANO CARRANZA,11/04/2026,0.652777778,143,141,24.1,43.6,28.9,61,983.5,0,320
VENUSTIANO CARRANZA,11/04/2026,0.645833333,149,158,24.1,38.8,28.1,62,983.5,0,353
VENUSTIANO CARRANZA,11/04/2026,0.638888889,144,142,25.2,41.1,27.5,65,984,0,404
VENUSTIANO CARRANZA,11/04/2026,0.631944444,135,118,24.5,37.9,28.4,65,983.8,0,901
VENUSTIANO CARRANZA,11/04/2026,0.625,131,151,22.4,37.2,27.5,66,983.8,0,838
VENUSTIANO CARRANZA,11/04/2026,0.618055556,124,119,20.9,34,26.8,70,984.3,0,262
VENUSTIANO CARRANZA,11/04/2026,0.611111111,132,134,24.4,36.3,26.8,69,984.4,0,334
VENUSTIANO CARRANZA,11/04/2026,0.604166667,137,136,27.5,43.1,26.8,68,984.7,0,361
VENUSTIANO CARRANZA,11/04/2026,0.597222222,133,125,25.5,38.1,26.7,70,984.8,0,383
VENUSTIANO CARRANZA,11/04/2026,0.590277778,127,121,20,34.4,26.6,70,985,0,348
VENUSTIANO CARRANZA,11/04/2026,0.583333333,116,103,20.2,35.3,26.4,71,985.3,0,290
VENUSTIANO CARRANZA,11/04/2026,0.576388889,115,97,22.1,33.5,26,72,985.3,0,671
VENUSTIANO CARRANZA,11/04/2026,0.569444444,128,131,23.4,35.6,26.1,72,985.6,0,331
VENUSTIANO CARRANZA,11/04/2026,0.5625,140,137,24.6,37.6,26.1,72,985.6,0,376
VENUSTIANO CARRANZA,11/04/2026,0.555555556,136,138,23.9,39,26.4,72,985.7,0,946
VENUSTIANO CARRANZA,11/04/2026,0.548611111,124,113,23.5,40.1,26.2,72,985.8,0,527
VENUSTIANO CARRANZA,11/04/2026,0.541666667,132,135,24.1,36.9,25.5,73,986.1,0,593
VENUSTIANO CARRANZA,11/04/2026,0.534722222,131,119,21.3,35.3,25.9,74,986.3,0,406
VENUSTIANO CARRANZA,11/04/2026,0.527777778,137,133,25,37.8,25.5,75,986.5,0,310
VENUSTIANO CARRANZA,11/04/2026,0.520833333,136,134,25.8,38.8,25.4,74,986.6,0,342
VENUSTIANO CARRANZA,11/04/2026,0.513888889,131,144,20.3,31.9,25.8,72,986.7,0,376
VENUSTIANO CARRANZA,11/04/2026,0.506944444,139,133,22.9,37.4,25.4,74,986.7,0,383
VENUSTIANO CARRANZA,11/04/2026,0.5,133,135,26.3,39.9,25.8,73,987,0,332
VENUSTIANO CARRANZA,11/04/2026,0.493055556,135,135,23.8,39.2,25.2,74,987.6,0,424
VENUSTIANO CARRANZA,11/04/2026,0.486111111,134,136,23.7,40.1,25.1,75,987.3,0,382
VENUSTIANO CARRANZA,11/04/2026,0.479166667,133,129,24,37.2,24.8,77,987.3,0,444
VENUSTIANO CARRANZA,11/04/2026,0.472222222,135,124,20.8,37.4,24.8,78,987.5,0,217
VENUSTIANO CARRANZA,11/04/2026,0.465277778,126,139,19.3,31,24.3,79,987.4,0,374
VENUSTIANO CARRANZA,11/04/2026,0.458333333,128,114,20.9,32.1,23.7,80,987.8,0,215
VENUSTIANO CARRANZA,11/04/2026,0.451388889,126,130,20.1,34.2,23.4,81,987.9,0,303
VENUSTIANO CARRANZA,11/04/2026,0.444444444,127,135,20.3,35.3,23.1,82,988,0,207
VENUSTIANO CARRANZA,11/04/2026,0.4375,125,121,23.6,34.2,22.7,83,988.2,0,164
VENUSTIANO CARRANZA,11/04/2026,0.430555556,123,126,19.7,34.4,22.5,83,988.4,0,209
VENUSTIANO CARRANZA,11/04/2026,0.423611111,124,134,20.9,35.2,22.2,84,988.3,0,178
VENUSTIANO CARRANZA,11/04/2026,0.416666667,124,125,20,29.7,22.2,84,988.3,0,87
VENUSTIANO CARRANZA,11/04/2026,0.409722222,123,129,16.9,26.3,22,84,988.3,0,175
VENUSTIANO CARRANZA,11/04/2026,0.402777778,116,118,16.8,28.6,21.7,84,988.3,0,151
VENUSTIANO CARRANZA,11/04/2026,0.395833333,117,118,15.8,28,21.5,84,988.1,0,138
VENUSTIANO CARRANZA,11/04/2026,0.388888889,115,119,16.8,25.6,21.3,85,988,0,109
VENUSTIANO CARRANZA,11/04/2026,0.381944444,115,117,15.1,25.1,21.2,85,987.8,0,108
VENUSTIANO CARRANZA,11/04/2026,0.375,117,119,16.3,25.8,21,85,987.8,0,46
VENUSTIANO CARRANZA,11/04/2026,0.368055556,118,121,16.5,30.8,21,85,987.9,0,70
VENUSTIANO CARRANZA,11/04/2026,0.361111111,110,112,17,28.3,21,85,987.9,0,61
VENUSTIANO CARRANZA,11/04/2026,0.354166667,113,109,15.2,22.6,21,85,987.8,0,50
VENUSTIANO CARRANZA,11/04/2026,0.347222222,116,129,16.4,30.8,21,85,987.6,0,50
VENUSTIANO CARRANZA,11/04/2026,0.340277778,119,116,19.8,29.7,21.2,85,987.7,0,49
VENUSTIANO CARRANZA,11/04/2026,0.333333333,116,121,19.7,30.2,21.5,84,987.6,0,36
VENUSTIANO CARRANZA,11/04/2026,0.326388889,115,102,17.2,25.8,21.6,84,987.5,0,33
VENUSTIANO CARRANZA,11/04/2026,0.319444444,114,109,16.9,26,21.6,84,987.5,0,37
VENUSTIANO CARRANZA,11/04/2026,0.3125,112,104,18.2,26.9,21.6,84,987.4,0,31
VENUSTIANO CARRANZA,11/04/2026,0.305555556,115,108,17.4,26.5,21.6,84,987.4,0,28
VENUSTIANO CARRANZA,11/04/2026,0.298611111,110,108,16.9,23.7,21.5,84,987.2,0,18
VENUSTIANO CARRANZA,11/04/2026,0.291666667,111,117,17.1,24.2,21.4,84,987.2,0,27
VENUSTIANO CARRANZA,11/04/2026,0.284722222,112,108,17.4,25.6,21.4,84,987.1,0,16
VENUSTIANO CARRANZA,11/04/2026,0.277777778,112,118,19.5,29,21.4,84,986.9,0,12
VENUSTIANO CARRANZA,11/04/2026,0.270833333,111,108,20.3,30.8,21.4,84,986.9,0,5
VENUSTIANO CARRANZA,11/04/2026,0.263888889,115,118,19.1,30.6,21.4,84,986.9,0,1
VENUSTIANO CARRANZA,11/04/2026,0.256944444,113,116,18.3,28.5,21.5,84,986.7,0,0
VENUSTIANO CARRANZA,11/04/2026,0.25,112,105,18.1,25.6,21.4,84,986.8,0,0
VENUSTIANO CARRANZA,11/04/2026,0.243055556,113,112,17.2,25.3,21.4,84,986.7,0,0
VENUSTIANO CARRANZA,11/04/2026,0.236111111,114,113,14.2,21,21.4,84,986.7,0,0
VENUSTIANO CARRANZA,11/04/2026,0.229166667,107,88,13.9,21.6,21.4,84,986.6,0,0
VENUSTIANO CARRANZA,11/04/2026,0.222222222,105,100,14.9,22.4,21.3,84,986.6,0,0
VENUSTIANO CARRANZA,11/04/2026,0.215277778,110,115,15.7,24.4,21.3,84,986.5,0,0
VENUSTIANO CARRANZA,11/04/2026,0.208333333,105,85,14.2,21.9,21.1,85,986.6,0,0
VENUSTIANO CARRANZA,11/04/2026,0.201388889,101,90,16,23.5,21.1,85,986.6,0,0
VENUSTIANO CARRANZA,11/04/2026,0.194444444,106,93,16.1,24,21.3,84,986.6,0,0
VENUSTIANO CARRANZA,11/04/2026,0.1875,109,106,14.9,24.1,21.4,84,986.6,0,0
VENUSTIANO CARRANZA,11/04/2026,0.180555556,109,108,14.5,21.2,21.3,84,986.6,0,0
VENUSTIANO CARRANZA,11/04/2026,0.173611111,112,137,14.4,21,21.4,84,986.4,0,0
VENUSTIANO CARRANZA,11/04/2026,0.166666667,114,93,14.6,20.6,21.2,84,986.5,0,0
VENUSTIANO CARRANZA,11/04/2026,0.159722222,116,125,17.2,26.9,21.4,84,986.5,0,0
VENUSTIANO CARRANZA,11/04/2026,0.152777778,115,130,16.2,24.4,21.6,83,986.6,0,0
VENUSTIANO CARRANZA,11/04/2026,0.145833333,109,118,18,26.3,21.6,83,986.6,0,0
VENUSTIANO CARRANZA,11/04/2026,0.138888889,112,104,16.6,25.9,21.7,83,986.5,0,0
VENUSTIANO CARRANZA,11/04/2026,0.131944444,113,115,17.1,26.2,21.7,83,986.4,0,0
VENUSTIANO CARRANZA,11/04/2026,0.125,119,132,16.7,26.5,21.7,83,986.6,0,0
VENUSTIANO CARRANZA,11/04/2026,0.118055556,116,120,18.2,29.9,21.7,83,986.5,0,0
VENUSTIANO CARRANZA,11/04/2026,0.111111111,119,124,16.9,26.7,21.8,83,986.4,0,0
VENUSTIANO CARRANZA,11/04/2026,0.104166667,122,120,15.9,24.7,21.9,83,986.5,0,0
VENUSTIANO CARRANZA,11/04/2026,0.097222222,122,92,18.7,31.3,22,83,986.5,0,0
VENUSTIANO CARRANZA,11/04/2026,0.090277778,121,121,16.6,25.3,22,83,986.4,0,0
VENUSTIANO CARRANZA,11/04/2026,0.083333333,120,119,18.6,28.1,22,83,986.7,0,0
VENUSTIANO CARRANZA,11/04/2026,0.076388889,115,125,18.8,28.1,22.1,82,986.8,0,0
VENUSTIANO CARRANZA,11/04/2026,0.069444444,123,128,15.9,24.4,22.2,82,986.8,0,0
VENUSTIANO CARRANZA,11/04/2026,0.0625,130,129,19,29.4,22.2,82,986.8,0,0
VENUSTIANO CARRANZA,11/04/2026,0.055555556,124,122,17.9,27.1,22.2,82,986.9,0,0
VENUSTIANO CARRANZA,11/04/2026,0.048611111,127,130,17.1,29,22.2,82,986.8,0,0
VENUSTIANO CARRANZA,11/04/2026,0.041666667,124,141,16.7,27.1,22.3,82,987.1,0,0
VENUSTIANO CARRANZA,11/04/2026,0.034722222,128,130,16.6,25.3,22.3,82,987,0,0
VENUSTIANO CARRANZA,11/04/2026,0.027777778,129,145,16.1,26.9,22.4,81,987.1,0,0
VENUSTIANO CARRANZA,11/04/2026,0.020833333,127,134,14.6,26.7,22.6,80,987,0,0
VENUSTIANO CARRANZA,11/04/2026,0.013888889,127,129,13.4,21.5,22.6,80,987,0,0
VENUSTIANO CARRANZA,11/04/2026,0.006944444,123,137,12.4,18.5,22.7,80,986.8,0,0
VENUSTIANO CARRANZA,11/04/2026,0,129,133,13.6,22.2,22.7,79,987,0,0
VENUSTIANO CARRANZA,10/04/2026,0.993055556,119,131,12.3,19.6,22.7,79,987.1,0,0
VENUSTIANO CARRANZA,10/04/2026,0.986111111,118,114,12,16.6,22.6,78,986.9,0,0
VENUSTIANO CARRANZA,10/04/2026,0.979166667,117,114,12.1,20.1,22.5,78,986.9,0,0
VENUSTIANO CARRANZA,10/04/2026,0.972222222,119,121,14.7,22.6,22.5,77,986.9,0,0
VENUSTIANO CARRANZA,10/04/2026,0.965277778,119,130,15.4,21.9,22.7,77,986.7,0,0
VENUSTIANO CARRANZA,10/04/2026,0.958333333,120,125,15.9,22.9,22.7,77,986.8,0,0
VENUSTIANO CARRANZA,10/04/2026,0.951388889,114,128,14.7,21.7,22.8,77,986.8,0,0
VENUSTIANO CARRANZA,10/04/2026,0.944444444,115,125,15.6,23.1,22.9,76,986.8,0,0
VENUSTIANO CARRANZA,10/04/2026,0.9375,111,115,15,21.7,23,75,986.9,0,0
VENUSTIANO CARRANZA,10/04/2026,0.930555556,121,110,14.4,23.1,23.2,74,986.8,0,0
VENUSTIANO CARRANZA,10/04/2026,0.923611111,123,120,14.3,22.6,23.3,74,986.7,0,0
VENUSTIANO CARRANZA,10/04/2026,0.916666667,128,140,14,22.2,23.4,73,986.9,0,0
VENUSTIANO CARRANZA,10/04/2026,0.909722222,128,143,14.2,22.9,23.6,72,986.9,0,0
VENUSTIANO CARRANZA,10/04/2026,0.902777778,133,128,15,20.3,23.7,72,986.8,0,0
VENUSTIANO CARRANZA,10/04/2026,0.895833333,133,135,16.1,24.4,23.9,71,986.8,0,0
VENUSTIANO CARRANZA,10/04/2026,0.888888889,136,138,16.7,28.5,24,71,986.8,0,0
VENUSTIANO CARRANZA,10/04/2026,0.881944444,139,148,16.1,26.3,24.1,70,986.5,0,0
VENUSTIANO CARRANZA,10/04/2026,0.875,141,134,17,26.7,24.1,70,986.5,0,0
VENUSTIANO CARRANZA,10/04/2026,0.868055556,142,147,17.5,28.6,24.2,70,986.4,0,0
VENUSTIANO CARRANZA,10/04/2026,0.861111111,141,151,17.8,27.4,24.2,70,986.2,0,0
VENUSTIANO CARRANZA,10/04/2026,0.854166667,140,133,18.9,29,24.4,69,986.2,0,0
VENUSTIANO CARRANZA,10/04/2026,0.847222222,136,145,16.8,27.8,24.4,69,986.1,0,0
VENUSTIANO CARRANZA,10/04/2026,0.840277778,133,112,12.2,23.3,24.2,69,985.8,0,0
VENUSTIANO CARRANZA,10/04/2026,0.833333333,130,132,12.7,20.6,24.3,68,986,0,0
VENUSTIANO CARRANZA,10/04/2026,0.826388889,134,143,11.2,18.7,24.2,68,986.1,0,0
VENUSTIANO CARRANZA,10/04/2026,0.819444444,134,136,12.4,19.3,24.4,67,986,0,0
VENUSTIANO CARRANZA,10/04/2026,0.8125,133,139,13.4,19.2,24.5,66,985.9,0,0
VENUSTIANO CARRANZA,10/04/2026,0.805555556,133,135,14,22.2,24.7,65,985.8,0,0
VENUSTIANO CARRANZA,10/04/2026,0.798611111,132,138,15.9,24.2,24.9,64,985.6,0,0
VENUSTIANO CARRANZA,10/04/2026,0.791666667,138,137,18.6,26.7,25.3,63,985.7,0,3
VENUSTIANO CARRANZA,10/04/2026,0.784722222,135,145,18.3,27.4,25.5,61,985.7,0,10
VENUSTIANO CARRANZA,10/04/2026,0.777777778,140,144,20.7,31.7,25.6,60,985.6,0,11
VENUSTIANO CARRANZA,10/04/2026,0.770833333,140,139,17,30.8,25.8,59,985.6,0,15
VENUSTIANO CARRANZA,10/04/2026,0.763888889,145,159,17.9,29,26.2,58,985.6,0,36
VENUSTIANO CARRANZA,10/04/2026,0.756944444,137,132,23.9,36.8,26.7,58,985.4,0,120
VENUSTIANO CARRANZA,10/04/2026,0.75,146,151,18.2,31.5,26.9,58,985.3,0,130
VENUSTIANO CARRANZA,10/04/2026,0.743055556,128,140,19.4,30.2,27.2,55,985.3,0,163
VENUSTIANO CARRANZA,10/04/2026,0.736111111,139,121,19.5,31.3,27.4,55,985.2,0,208
VENUSTIANO CARRANZA,10/04/2026,0.729166667,137,134,21.6,34.7,27.3,57,985.1,0,240
VENUSTIANO CARRANZA,10/04/2026,0.722222222,132,121,20.5,32.9,27.3,56,985.2,0,131
VENUSTIANO CARRANZA,10/04/2026,0.715277778,132,128,16,27.6,27.3,57,984.8,0,377
VENUSTIANO CARRANZA,10/04/2026,0.708333333,120,127,19.5,34.7,26.9,58,985.2,0,149
VENUSTIANO CARRANZA,10/04/2026,0.701388889,126,117,16.3,26,27.6,57,985.2,0,248
VENUSTIANO CARRANZA,10/04/2026,0.694444444,123,111,19.2,30.9,27.5,56,985.3,0,213
VENUSTIANO CARRANZA,10/04/2026,0.6875,129,140,17.9,30.8,27.9,54,985.2,0,418
VENUSTIANO CARRANZA,10/04/2026,0.680555556,123,134,17.9,31.5,27.2,56,985.2,0,272
VENUSTIANO CARRANZA,10/04/2026,0.673611111,122,130,19.5,34,28,55,985.1,0,261
VENUSTIANO CARRANZA,10/04/2026,0.666666667,138,135,21,32,27.6,56,985.1,0,422
VENUSTIANO CARRANZA,10/04/2026,0.659722222,115,114,16.7,29.3,27.6,57,985.4,0,368
VENUSTIANO CARRANZA,10/04/2026,0.652777778,114,124,18.1,29.5,27.2,59,985.5,0,712
VENUSTIANO CARRANZA,10/04/2026,0.645833333,123,135,20.7,36.8,26.9,58,985.8,0,238
VENUSTIANO CARRANZA,10/04/2026,0.638888889,139,140,15.4,25,26.9,59,985.8,0,157
VENUSTIANO CARRANZA,10/04/2026,0.631944444,126,127,16,24.8,27.3,58,985.7,0,186
VENUSTIANO CARRANZA,10/04/2026,0.625,126,130,19.5,29.4,27.2,58,986,0,262
VENUSTIANO CARRANZA,10/04/2026,0.618055556,135,134,18.8,29.2,27.4,56,986,0,327
VENUSTIANO CARRANZA,10/04/2026,0.611111111,133,127,17,28.3,27.8,52,986.2,0,419
VENUSTIANO CARRANZA,10/04/2026,0.604166667,137,144,17.1,31.4,27.6,54,986.2,0,367
VENUSTIANO CARRANZA,10/04/2026,0.597222222,123,110,17.6,25.6,27.4,57,986.2,0,273
VENUSTIANO CARRANZA,10/04/2026,0.590277778,114,115,15.8,28,28.1,56,986.2,0,351
VENUSTIANO CARRANZA,10/04/2026,0.583333333,128,111,13.1,20.1,27.4,56,986.4,0,341
VENUSTIANO CARRANZA,10/04/2026,0.576388889,138,102,15.1,25.1,27.2,57,986.5,0,264
VENUSTIANO CARRANZA,10/04/2026,0.569444444,148,134,15,25.1,27.8,55,986.7,0,403
VENUSTIANO CARRANZA,10/04/2026,0.5625,123,98,14.3,28.8,27.8,56,986.8,0,307
VENUSTIANO CARRANZA,10/04/2026,0.555555556,140,169,10.6,19.2,27.5,58,987,0,695
VENUSTIANO CARRANZA,10/04/2026,0.548611111,147,147,11.9,21.7,28,57,987,0,369
VENUSTIANO CARRANZA,10/04/2026,0.541666667,164,172,8.1,18.3,26.7,59,987.2,0,356
VENUSTIANO CARRANZA,10/04/2026,0.534722222,137,133,7.1,14.4,27.3,58,987.4,0,355
VENUSTIANO CARRANZA,10/04/2026,0.527777778,128,134,8.7,19.2,26.9,60,987.6,0,318
VENUSTIANO CARRANZA,10/04/2026,0.520833333,130,122,11.3,20.8,27.8,59,987.7,0,1211
VENUSTIANO CARRANZA,10/04/2026,0.513888889,141,142,9,18,26.6,60,987.7,0,727
VENUSTIANO CARRANZA,10/04/2026,0.506944444,120,113,10.9,19,27.1,61,987.7,0,992
VENUSTIANO CARRANZA,10/04/2026,0.5,102,105,11.4,19.6,26.8,61,987.9,0,984
VENUSTIANO CARRANZA,10/04/2026,0.493055556,104,117,11.3,20.3,26,64,988,0,1103
VENUSTIANO CARRANZA,10/04/2026,0.486111111,103,98,11.3,19.6,25.5,65,988.1,0,591
VENUSTIANO CARRANZA,10/04/2026,0.479166667,123,129,10,20.3,26.3,64,988.1,0,385
VENUSTIANO CARRANZA,10/04/2026,0.472222222,117,123,8.5,17.8,26.2,64,988.3,0,1045
VENUSTIANO CARRANZA,10/04/2026,0.465277778,106,111,4.2,15,25.3,68,988.3,0,1010
VENUSTIANO CARRANZA,10/04/2026,0.458333333,226,245,4.1,8,24.8,70,988.6,0,220
VENUSTIANO CARRANZA,10/04/2026,0.451388889,196,216,2.4,8.4,23.6,75,988.7,0,734
VENUSTIANO CARRANZA,10/04/2026,0.444444444,222,257,2.6,10,23.9,73,988.7,0,270
VENUSTIANO CARRANZA,10/04/2026,0.4375,141,153,8.3,15,24.2,70,988.7,0,334
VENUSTIANO CARRANZA,10/04/2026,0.430555556,117,104,7.5,16.4,24.8,69,988.6,0,545
VENUSTIANO CARRANZA,10/04/2026,0.423611111,120,117,8.6,14.3,24.6,70,988.3,0,819
VENUSTIANO CARRANZA,10/04/2026,0.416666667,110,120,8.6,15,23.1,74,988.4,0.2,272
VENUSTIANO CARRANZA,10/04/2026,0.409722222,106,98,8.8,16.1,23.2,73,988.4,0,244
VENUSTIANO CARRANZA,10/04/2026,0.402777778,151,136,6.9,14.3,23.3,76,988.3,0,748
VENUSTIANO CARRANZA,10/04/2026,0.395833333,129,166,8.1,14.1,23.1,75,988.2,0,254
VENUSTIANO CARRANZA,10/04/2026,0.388888889,116,123,8.5,15.5,22.6,76,988.1,0,308
VENUSTIANO CARRANZA,10/04/2026,0.381944444,112,121,8.7,14.5,23.2,75,987.9,0,327
VENUSTIANO CARRANZA,10/04/2026,0.375,115,95,8.9,18.2,22.6,76,987.9,0,668
VENUSTIANO CARRANZA,10/04/2026,0.368055556,105,95,9.9,16.4,22.5,77,987.8,0,489
VENUSTIANO CARRANZA,10/04/2026,0.361111111,116,127,11.3,17.5,22.3,77,987.7,0,294
VENUSTIANO CARRANZA,10/04/2026,0.354166667,110,106,12,18,21.9,79,987.6,0,306
VENUSTIANO CARRANZA,10/04/2026,0.347222222,129,112,12.1,19.8,22,79,987.6,0,500
VENUSTIANO CARRANZA,10/04/2026,0.340277778,124,123,11.5,19.2,21.2,83,987.3,0,500
VENUSTIANO CARRANZA,10/04/2026,0.333333333,115,114,11.3,19.2,20,84,987.4,0,164
VENUSTIANO CARRANZA,10/04/2026,0.326388889,100,116,12.4,18.4,19.4,84,987.3,0,130
VENUSTIANO CARRANZA,10/04/2026,0.319444444,86,86,11.9,16.4,19.6,84,987.2,0,256
VENUSTIANO CARRANZA,10/04/2026,0.3125,84,85,12.4,15.5,19.1,85,987.1,0,223
VENUSTIANO CARRANZA,10/04/2026,0.305555556,70,73,11.3,14.8,18.8,85,987,0,179
VENUSTIANO CARRANZA,10/04/2026,0.298611111,55,54,12.7,15,18.1,85,986.7,0,132
VENUSTIANO CARRANZA,10/04/2026,0.291666667,58,65,12.2,14.1,17.8,86,986.8,0,108
VENUSTIANO CARRANZA,10/04/2026,0.284722222,63,71,12.3,14.1,17.7,86,986.7,0,69
VENUSTIANO CARRANZA,10/04/2026,0.277777778,66,75,11.7,13.5,17.5,86,986.5,0,37
VENUSTIANO CARRANZA,10/04/2026,0.270833333,69,64,12.2,14.2,17.2,86,986.3,0,7
VENUSTIANO CARRANZA,10/04/2026,0.263888889,63,62,11.5,14,17.2,86,986.2,0,1
VENUSTIANO CARRANZA,10/04/2026,0.256944444,71,73,12,13.7,17.3,86,986.1,0,0
VENUSTIANO CARRANZA,10/04/2026,0.25,76,75,12.1,15.6,17.3,86,986.1,0,0
VENUSTIANO CARRANZA,10/04/2026,0.243055556,78,75,12.3,14.3,17.3,86,986,0,0
VENUSTIANO CARRANZA,10/04/2026,0.236111111,77,73,12.4,15.4,17.5,86,986.1,0,0
VENUSTIANO CARRANZA,10/04/2026,0.229166667,85,92,11.2,14.2,17.5,86,986,0,0
VENUSTIANO CARRANZA,10/04/2026,0.222222222,81,70,11.1,13.9,17.6,86,986,0,0
VENUSTIANO CARRANZA,10/04/2026,0.215277778,73,51,11.6,16.2,17.7,86,985.8,0,0
VENUSTIANO CARRANZA,10/04/2026,0.208333333,57,51,10.5,15,17.9,86,985.8,0,0
VENUSTIANO CARRANZA,10/04/2026,0.201388889,48,50,9,13.2,18.1,86,985.8,0,0
VENUSTIANO CARRANZA,10/04/2026,0.194444444,60,53,8.7,13.2,18.3,85,985.9,0,0
VENUSTIANO CARRANZA,10/04/2026,0.1875,53,52,8.6,11.8,18.4,85,985.9,0,0
VENUSTIANO CARRANZA,10/04/2026,0.180555556,58,56,9.9,13.4,18.6,85,986,0,0
VENUSTIANO CARRANZA,10/04/2026,0.173611111,64,85,10.8,15.2,18.7,85,985.9,0,0
VENUSTIANO CARRANZA,10/04/2026,0.166666667,75,80,13,19.1,18.9,85,986.1,0,0
VENUSTIANO CARRANZA,10/04/2026,0.159722222,71,72,13.7,18.2,18.9,85,986,0,0
VENUSTIANO CARRANZA,10/04/2026,0.152777778,70,61,11.8,17.9,19,85,985.9,0,0
VENUSTIANO CARRANZA,10/04/2026,0.145833333,72,58,12.2,19.5,19.1,85,985.9,0,0
VENUSTIANO CARRANZA,10/04/2026,0.138888889,65,61,12.1,16.7,19.2,85,985.8,0,0
VENUSTIANO CARRANZA,10/04/2026,0.131944444,69,53,12.7,18.6,19.3,85,985.6,0,0
VENUSTIANO CARRANZA,10/04/2026,0.125,71,73,13.1,17.9,19.3,85,985.8,0,0
VENUSTIANO CARRANZA,10/04/2026,0.118055556,73,74,12.4,17.2,19.4,85,985.9,0,0
VENUSTIANO CARRANZA,10/04/2026,0.111111111,92,104,13.3,19.7,19.5,85,985.8,0,0
VENUSTIANO CARRANZA,10/04/2026,0.104166667,97,110,15.1,22.9,19.5,85,985.7,0,0
VENUSTIANO CARRANZA,10/04/2026,0.097222222,107,100,14,19.5,19.7,85,985.8,0,0
VENUSTIANO CARRANZA,10/04/2026,0.090277778,124,132,14,24.9,19.8,85,985.8,0,0
VENUSTIANO CARRANZA,10/04/2026,0.083333333,131,137,18.3,30.4,19.9,84,986.1,0,0
VENUSTIANO CARRANZA,10/04/2026,0.076388889,126,114,16.3,26.3,19.8,85,986.2,0,0
VENUSTIANO CARRANZA,10/04/2026,0.069444444,128,144,14.3,24.9,19.7,85,986.2,0,0
VENUSTIANO CARRANZA,10/04/2026,0.0625,122,143,13.2,20.6,19.7,85,986.1,0,0
VENUSTIANO CARRANZA,10/04/2026,0.055555556,112,136,15.7,27.3,19.7,85,986,0,0
VENUSTIANO CARRANZA,10/04/2026,0.048611111,108,128,17.2,29.3,19.6,85,985.6,0,0
VENUSTIANO CARRANZA,10/04/2026,0.041666667,111,106,17.9,29,19.7,85,985.8,0,0
VENUSTIANO CARRANZA,10/04/2026,0.034722222,112,96,18.5,27.4,19.7,85,986,0,0
VENUSTIANO CARRANZA,10/04/2026,0.027777778,113,116,17,26.1,19.7,85,986.1,0,0
VENUSTIANO CARRANZA,10/04/2026,0.020833333,117,97,13.7,19.2,19.6,85,986.4,0,0
VENUSTIANO CARRANZA,10/04/2026,0.013888889,118,111,14.2,22.4,19.6,85,986.4,0,0
VENUSTIANO CARRANZA,10/04/2026,0.006944444,108,97,15.8,23.5,19.6,85,986.1,0,0
VENUSTIANO CARRANZA,10/04/2026,0,108,125,15.8,23.8,19.6,85,986.2,0,0
VENUSTIANO CARRANZA,09/04/2026,0.993055556,121,114,15.6,22.7,19.7,85,986.3,0,0
VENUSTIANO CARRANZA,09/04/2026,0.986111111,116,122,13.1,22.5,19.7,85,986.4,0,0
VENUSTIANO CARRANZA,09/04/2026,0.979166667,102,103,15.3,23.6,19.7,85,986.2,0,0
VENUSTIANO CARRANZA,09/04/2026,0.972222222,108,99,14.5,22.4,19.8,85,986.2,0,0
VENUSTIANO CARRANZA,09/04/2026,0.965277778,106,118,18.3,25.4,19.8,85,986,0,0
VENUSTIANO CARRANZA,09/04/2026,0.958333333,123,125,14.6,23.8,20,85,986.6,0,0
VENUSTIANO CARRANZA,09/04/2026,0.951388889,129,133,12.7,21.3,20.3,84,987,0,0
VENUSTIANO CARRANZA,09/04/2026,0.944444444,125,135,12.9,19.4,20.5,83,986.9,0,0
VENUSTIANO CARRANZA,09/04/2026,0.9375,127,127,12.7,18.7,20.6,83,987,0,0
VENUSTIANO CARRANZA,09/04/2026,0.930555556,129,146,12.9,18.3,20.6,83,987.1,0,0
VENUSTIANO CARRANZA,09/04/2026,0.923611111,120,120,12.9,18.7,20.7,82,987.2,0,0
VENUSTIANO CARRANZA,09/04/2026,0.916666667,113,116,14.8,22.6,20.7,82,987.3,0,0
VENUSTIANO CARRANZA,09/04/2026,0.909722222,113,117,16.1,24.7,20.8,82,987.2,0,0
VENUSTIANO CARRANZA,09/04/2026,0.902777778,115,125,15.3,22.6,20.9,82,987.2,0,0
VENUSTIANO CARRANZA,09/04/2026,0.895833333,117,127,15.1,24,21,81,987.3,0,0
VENUSTIANO CARRANZA,09/04/2026,0.888888889,117,117,16.3,25.8,21.1,81,987.2,0,0
VENUSTIANO CARRANZA,09/04/2026,0.881944444,120,120,16.5,23.7,21.1,81,987,0,0
VENUSTIANO CARRANZA,09/04/2026,0.875,118,119,15.1,20.8,21.1,81,986.9,0,0
VENUSTIANO CARRANZA,09/04/2026,0.868055556,120,132,12.5,18.5,21.1,81,986.6,0,0
VENUSTIANO CARRANZA,09/04/2026,0.861111111,116,124,10.7,14.6,21.2,81,986.7,0,0
VENUSTIANO CARRANZA,09/04/2026,0.854166667,111,115,12.2,16.4,21.3,80,986.5,0,0
VENUSTIANO CARRANZA,09/04/2026,0.847222222,109,110,13.9,19.9,21.3,80,986.3,0,0
VENUSTIANO CARRANZA,09/04/2026,0.840277778,118,133,13.5,21.5,21.5,80,986.1,0,0
VENUSTIANO CARRANZA,09/04/2026,0.833333333,118,117,14,22.2,21.6,79,986.3,0,0
VENUSTIANO CARRANZA,09/04/2026,0.826388889,119,108,15.1,23.7,21.7,79,986,0,0
VENUSTIANO CARRANZA,09/04/2026,0.819444444,116,120,15.1,24,21.9,78,985.8,0,0
VENUSTIANO CARRANZA,09/04/2026,0.8125,125,126,15.6,25.1,22.1,77,985.7,0,0
VENUSTIANO CARRANZA,09/04/2026,0.805555556,118,120,16.7,22.8,22.2,77,985.8,0,0
VENUSTIANO CARRANZA,09/04/2026,0.798611111,109,113,15.3,25.8,22.3,77,985.6,0,0
VENUSTIANO CARRANZA,09/04/2026,0.791666667,105,104,11.5,17.3,22.3,78,985.7,0,1
VENUSTIANO CARRANZA,09/04/2026,0.784722222,101,114,13.9,21.9,22.4,78,985.5,0,8
VENUSTIANO CARRANZA,09/04/2026,0.777777778,105,108,15.5,22.8,22.7,77,985.2,0,28
VENUSTIANO CARRANZA,09/04/2026,0.770833333,111,110,14.2,22.4,22.6,77,985,0,37
VENUSTIANO CARRANZA,09/04/2026,0.763888889,106,92,17.6,29.9,22.7,77,985.1,0,27
VENUSTIANO CARRANZA,09/04/2026,0.756944444,112,118,16.1,25.1,22.6,78,984.8,0,22
VENUSTIANO CARRANZA,09/04/2026,0.75,107,107,13.9,20.3,22.6,78,984.9,0,11
VENUSTIANO CARRANZA,09/04/2026,0.743055556,103,118,18.2,28.3,22.6,78,984.8,0,24
VENUSTIANO CARRANZA,09/04/2026,0.736111111,107,106,20.4,32.4,22.7,78,984.8,0,24
VENUSTIANO CARRANZA,09/04/2026,0.729166667,104,92,20.3,31.2,22.7,79,984.6,0,56
VENUSTIANO CARRANZA,09/04/2026,0.722222222,110,120,19.3,31.9,22.9,78,984.6,0,101
VENUSTIANO CARRANZA,09/04/2026,0.715277778,119,126,21.4,34.6,22.9,79,984.4,0,69
VENUSTIANO CARRANZA,09/04/2026,0.708333333,118,131,20.2,31,22.8,79,984.5,0,159
VENUSTIANO CARRANZA,09/04/2026,0.701388889,109,102,18.6,26.9,22.9,80,984.6,0,153
VENUSTIANO CARRANZA,09/04/2026,0.694444444,109,96,20.9,29.9,22.7,81,984.8,0,239
VENUSTIANO CARRANZA,09/04/2026,0.6875,111,104,21.8,29.7,22.7,81,984.8,0.2,222
VENUSTIANO CARRANZA,09/04/2026,0.680555556,122,115,19.9,31,22.4,82,984.7,0,207
VENUSTIANO CARRANZA,09/04/2026,0.673611111,121,143,17,27.8,22.3,82,984.6,0,93
VENUSTIANO CARRANZA,09/04/2026,0.666666667,112,104,14.9,22.8,22.5,83,984.9,0,49
VENUSTIANO CARRANZA,09/04/2026,0.659722222,108,120,16.5,31.9,22.5,83,984.8,0,162
VENUSTIANO CARRANZA,09/04/2026,0.652777778,104,117,12.5,18.7,22.3,84,984.8,0,174
VENUSTIANO CARRANZA,09/04/2026,0.645833333,98,104,12.2,18,21.9,85,984.7,0,349
VENUSTIANO CARRANZA,09/04/2026,0.638888889,111,114,16,25.1,21.5,85,984.8,0,203
VENUSTIANO CARRANZA,09/04/2026,0.631944444,110,112,16.9,23.9,21.4,85,984.7,0,166
VENUSTIANO CARRANZA,09/04/2026,0.625,109,105,18.1,27.1,21.6,85,984.9,0.8,259
VENUSTIANO CARRANZA,09/04/2026,0.618055556,107,94,25.3,37.4,22.2,82,984.9,0,190
VENUSTIANO CARRANZA,09/04/2026,0.611111111,111,106,19.5,29.4,23.1,81,985,0,409
VENUSTIANO CARRANZA,09/04/2026,0.604166667,105,112,17.8,25.3,22.6,83,985.2,0,271
VENUSTIANO CARRANZA,09/04/2026,0.597222222,106,95,17.3,24.4,21.8,84,985.3,0,229
VENUSTIANO CARRANZA,09/04/2026,0.590277778,109,105,17.9,26.2,22.5,82,985.2,0,78
VENUSTIANO CARRANZA,09/04/2026,0.583333333,112,109,18.1,26.5,23.5,79,985.3,0,317
VENUSTIANO CARRANZA,09/04/2026,0.576388889,117,123,19.1,28.5,23.9,78,985.4,0,230
VENUSTIANO CARRANZA,09/04/2026,0.569444444,114,116,16.9,27.8,23.8,77,985.6,0,221
VENUSTIANO CARRANZA,09/04/2026,0.5625,115,117,17.8,24.9,23.3,78,985.6,0,163
VENUSTIANO CARRANZA,09/04/2026,0.555555556,117,108,18,30.1,23.3,78,985.7,0,137
VENUSTIANO CARRANZA,09/04/2026,0.548611111,127,132,16.8,26.2,23.4,78,985.5,0,120
VENUSTIANO CARRANZA,09/04/2026,0.541666667,127,120,18.8,30.1,23.8,77,985.7,0,151
VENUSTIANO CARRANZA,09/04/2026,0.534722222,122,120,17.8,28.1,23.8,76,985.8,0,290
VENUSTIANO CARRANZA,09/04/2026,0.527777778,121,133,18.8,28.5,23.6,77,985.8,0,332
VENUSTIANO CARRANZA,09/04/2026,0.520833333,135,131,21.4,32.6,23.3,78,986,0,215
VENUSTIANO CARRANZA,09/04/2026,0.513888889,133,137,22.4,33.5,24,76,986.1,0,238
VENUSTIANO CARRANZA,09/04/2026,0.506944444,126,124,21,32.8,23.9,77,985.9,0,324
VENUSTIANO CARRANZA,09/04/2026,0.5,124,119,20.9,31,23.7,77,986.2,0,379
VENUSTIANO CARRANZA,09/04/2026,0.493055556,128,136,19.5,34.9,23.6,78,986.3,0,480
VENUSTIANO CARRANZA,09/04/2026,0.486111111,131,125,21.9,35.7,23.1,79,986.4,0,356
VENUSTIANO CARRANZA,09/04/2026,0.479166667,121,137,19.5,31,22.5,81,986.3,0,148
VENUSTIANO CARRANZA,09/04/2026,0.472222222,130,136,17,27.5,22.5,81,986.9,0,273
VENUSTIANO CARRANZA,09/04/2026,0.465277778,122,121,19.1,30.6,22.5,81,986.8,0,271
VENUSTIANO CARRANZA,09/04/2026,0.458333333,123,110,15.5,31.9,22.1,82,987,0,333
VENUSTIANO CARRANZA,09/04/2026,0.451388889,127,114,16.4,26.2,21.4,84,987.1,0,299
VENUSTIANO CARRANZA,09/04/2026,0.444444444,124,131,18.6,28.3,21.1,84,987.2,0,102
VENUSTIANO CARRANZA,09/04/2026,0.4375,125,116,17.8,31.7,21.1,84,987.1,0,110
VENUSTIANO CARRANZA,09/04/2026,0.430555556,130,127,16.9,24.7,21.2,84,987,0,83
VENUSTIANO CARRANZA,09/04/2026,0.423611111,132,140,19.4,33.7,21,84,986.9,0,64
VENUSTIANO CARRANZA,09/04/2026,0.416666667,126,123,16.7,28.1,21,84,987,0,53
VENUSTIANO CARRANZA,09/04/2026,0.409722222,124,118,15.5,23.5,21,84,986.9,0,74
VENUSTIANO CARRANZA,09/04/2026,0.402777778,119,112,15.4,23.3,20.8,84,986.8,0,73
VENUSTIANO CARRANZA,09/04/2026,0.395833333,120,127,16.1,26.5,20.7,84,986.6,0,59
VENUSTIANO CARRANZA,09/04/2026,0.388888889,123,111,13.4,22.1,20.8,84,986.6,0,59
VENUSTIANO CARRANZA,09/04/2026,0.381944444,118,112,15.5,22.9,20.6,84,986.3,0,80
VENUSTIANO CARRANZA,09/04/2026,0.375,117,111,16.9,23.3,20.5,85,986.4,0,69
VENUSTIANO CARRANZA,09/04/2026,0.368055556,117,90,15,25.3,20.4,85,986.3,0,82
VENUSTIANO CARRANZA,09/04/2026,0.361111111,119,94,14.3,22.4,20.2,85,986.3,0,42
VENUSTIANO CARRANZA,09/04/2026,0.354166667,114,116,15.6,22.6,20.1,85,986.2,0,68
VENUSTIANO CARRANZA,09/04/2026,0.347222222,120,128,17.5,25.4,20.1,85,986.1,0,63
VENUSTIANO CARRANZA,09/04/2026,0.340277778,115,119,15.4,25.6,20,85,985.9,0,41
VENUSTIANO CARRANZA,09/04/2026,0.333333333,108,93,15.1,22.9,19.8,85,986,0,38
VENUSTIANO CARRANZA,09/04/2026,0.326388889,108,110,16.3,23.8,19.8,85,985.9,0,36
VENUSTIANO CARRANZA,09/04/2026,0.319444444,113,126,14.6,23.8,19.7,85,985.9,0,28
VENUSTIANO CARRANZA,09/04/2026,0.3125,107,106,13.3,19,19.8,85,985.9,0,16
VENUSTIANO CARRANZA,09/04/2026,0.305555556,108,110,16.5,23.9,19.7,85,985.8,0,13
VENUSTIANO CARRANZA,09/04/2026,0.298611111,110,120,15.3,24,19.7,85,985.6,0,19
VENUSTIANO CARRANZA,09/04/2026,0.291666667,108,117,15.4,24.9,19.8,85,985.5,0,9
VENUSTIANO CARRANZA,09/04/2026,0.284722222,108,111,14,19.5,19.7,85,985.4,0,8
VENUSTIANO CARRANZA,09/04/2026,0.277777778,109,106,13.8,18.6,19.7,85,985.5,0,4
VENUSTIANO CARRANZA,09/04/2026,0.270833333,113,114,14.1,20.4,19.7,85,985.5,0,2
VENUSTIANO CARRANZA,09/04/2026,0.263888889,113,128,13.5,23.6,19.7,85,985.5,0,0
VENUSTIANO CARRANZA,09/04/2026,0.256944444,106,122,13.3,22.5,19.8,85,985.3,0,0
VENUSTIANO CARRANZA,09/04/2026,0.25,113,126,11.2,16.2,19.9,85,985.4,0,0
VENUSTIANO CARRANZA,09/04/2026,0.243055556,109,95,11.1,16.9,20,85,985.3,0,0
VENUSTIANO CARRANZA,09/04/2026,0.236111111,109,115,11.5,16.9,20,85,985.3,0,0
VENUSTIANO CARRANZA,09/04/2026,0.229166667,107,116,10.3,14.8,19.9,85,985.4,0,0
VENUSTIANO CARRANZA,09/04/2026,0.222222222,105,99,10.3,16.2,19.9,85,985.4,0,0
VENUSTIANO CARRANZA,09/04/2026,0.215277778,104,116,11.6,16.7,19.9,85,985.2,0,0
VENUSTIANO CARRANZA,09/04/2026,0.208333333,101,109,11.5,18.1,19.9,85,985.3,0,0
VENUSTIANO CARRANZA,09/04/2026,0.201388889,106,111,13.1,19.9,19.9,85,985.2,0,0
VENUSTIANO CARRANZA,09/04/2026,0.194444444,110,84,14.2,20.6,20,84,985.2,0,0
VENUSTIANO CARRANZA,09/04/2026,0.1875,109,120,15.1,21.7,20,84,985.2,0,0
VENUSTIANO CARRANZA,09/04/2026,0.180555556,114,110,15.8,23.5,20,84,985.2,0,0
VENUSTIANO CARRANZA,09/04/2026,0.173611111,119,114,13.4,21.7,20,84,985.2,0,0
VENUSTIANO CARRANZA,09/04/2026,0.166666667,112,102,12.5,18.3,20,84,985.4,0,0
VENUSTIANO CARRANZA,09/04/2026,0.159722222,111,109,12.2,19.9,20,84,985.4,0,0
VENUSTIANO CARRANZA,09/04/2026,0.152777778,105,106,12.2,22.2,20,84,985.4,0,0
VENUSTIANO CARRANZA,09/04/2026,0.145833333,104,103,12.8,20.3,20,84,985.3,0,0
VENUSTIANO CARRANZA,09/04/2026,0.138888889,105,120,10.8,17.6,20,84,985.4,0,0
VENUSTIANO CARRANZA,09/04/2026,0.131944444,111,111,12.8,20.9,20.1,84,985.1,0,0
VENUSTIANO CARRANZA,09/04/2026,0.125,109,115,12.6,20.1,20.1,84,985.2,0,0
VENUSTIANO CARRANZA,09/04/2026,0.118055556,106,98,15.2,23.3,20.1,84,985.2,0,0
VENUSTIANO CARRANZA,09/04/2026,0.111111111,110,112,14.2,22.2,20.1,84,985.2,0,0
VENUSTIANO CARRANZA,09/04/2026,0.104166667,112,125,13.5,19.7,20.1,84,985.3,0,0
VENUSTIANO CARRANZA,09/04/2026,0.097222222,113,105,14.7,21.6,20.1,84,985.4,0,0
VENUSTIANO CARRANZA,09/04/2026,0.090277778,116,95,15.1,23.1,20.1,84,985.3,0,0
VENUSTIANO CARRANZA,09/04/2026,0.083333333,116,115,15.6,22.4,20.1,84,985.4,0,0
VENUSTIANO CARRANZA,09/04/2026,0.076388889,116,120,15.1,23.8,20.1,84,985.5,0,0
VENUSTIANO CARRANZA,09/04/2026,0.069444444,117,128,14.7,22.9,20.1,84,985.7,0,0
VENUSTIANO CARRANZA,09/04/2026,0.0625,117,131,17,23.8,20.2,83,985.7,0,0
VENUSTIANO CARRANZA,09/04/2026,0.055555556,118,115,14.8,22,20.1,83,985.8,0,0
VENUSTIANO CARRANZA,09/04/2026,0.048611111,115,117,14,21,20.2,83,985.6,0,0
VENUSTIANO CARRANZA,09/04/2026,0.041666667,116,105,17.1,24.2,20.2,83,985.8,0,0
VENUSTIANO CARRANZA,09/04/2026,0.034722222,113,127,15.3,23.3,20.2,83,985.8,0,0
VENUSTIANO CARRANZA,09/04/2026,0.027777778,113,106,15.5,24.7,20.2,83,985.9,0,0
VENUSTIANO CARRANZA,09/04/2026,0.020833333,110,103,15.8,24.7,20.2,83,986,0,0
VENUSTIANO CARRANZA,09/04/2026,0.013888889,110,113,17.5,24.7,20.1,83,985.9,0,0
VENUSTIANO CARRANZA,09/04/2026,0.006944444,111,114,16.7,24.2,20.1,83,985.8,0,0
VENUSTIANO CARRANZA,09/04/2026,0,116,114,17.2,28.1,20.2,83,986.2,0,0
VENUSTIANO CARRANZA,08/04/2026,0.993055556,116,133,16.6,24.2,20.2,83,986,0,0
VENUSTIANO CARRANZA,08/04/2026,0.986111111,114,113,15.8,24.2,20.3,82,986,0,0
VENUSTIANO CARRANZA,08/04/2026,0.979166667,108,118,16,24,20.2,82,986,0,0
VENUSTIANO CARRANZA,08/04/2026,0.972222222,112,111,17.2,24.9,20.3,82,985.9,0,0
VENUSTIANO CARRANZA,08/04/2026,0.965277778,113,107,17,26,20.4,82,985.8,0,0
VENUSTIANO CARRANZA,08/04/2026,0.958333333,111,98,17.7,26.3,20.4,82,986,0,0
VENUSTIANO CARRANZA,08/04/2026,0.951388889,115,114,18.3,29,20.5,81,986,0,0
VENUSTIANO CARRANZA,08/04/2026,0.944444444,113,115,18.7,28.3,20.5,81,986,0,0
VENUSTIANO CARRANZA,08/04/2026,0.9375,110,127,19.7,31.3,20.5,81,986,0,0
VENUSTIANO CARRANZA,08/04/2026,0.930555556,114,125,18.5,31.5,20.6,81,986,0,0
VENUSTIANO CARRANZA,08/04/2026,0.923611111,115,123,19.1,29.4,20.7,81,985.9,0,0
VENUSTIANO CARRANZA,08/04/2026,0.916666667,114,108,14.8,23.8,20.6,81,986.1,0,0
VENUSTIANO CARRANZA,08/04/2026,0.909722222,117,118,16.4,26.5,20.8,81,986.1,0,0
VENUSTIANO CARRANZA,08/04/2026,0.902777778,120,126,19.2,31.6,20.9,81,985.9,0,0
VENUSTIANO CARRANZA,08/04/2026,0.895833333,112,121,19.2,30.2,20.9,80,985.8,0,0
VENUSTIANO CARRANZA,08/04/2026,0.888888889,113,111,19.5,29,21,80,985.6,0,0
VENUSTIANO CARRANZA,08/04/2026,0.881944444,112,122,20.3,27.6,21.1,79,985.2,0,0
VENUSTIANO CARRANZA,08/04/2026,0.875,111,100,17.7,27.1,21.1,79,985.3,0,0
VENUSTIANO CARRANZA,08/04/2026,0.868055556,114,116,17.6,26.7,21.2,79,985.3,0,0
VENUSTIANO CARRANZA,08/04/2026,0.861111111,111,111,16.4,29.7,21.4,78,985,0,0
VENUSTIANO CARRANZA,08/04/2026,0.854166667,109,106,18.8,30.4,21.5,78,984.8,0,0
VENUSTIANO CARRANZA,08/04/2026,0.847222222,110,111,18.6,27.1,21.5,78,984.7,0,0
VENUSTIANO CARRANZA,08/04/2026,0.840277778,113,113,18.2,26.7,21.6,77,984.3,0,0
VENUSTIANO CARRANZA,08/04/2026,0.833333333,111,118,20.6,29.9,21.8,76,984.4,0,0
VENUSTIANO CARRANZA,08/04/2026,0.826388889,114,105,21,30.1,22,75,984.3,0,0
VENUSTIANO CARRANZA,08/04/2026,0.819444444,106,120,22.2,32.2,22.3,74,984.1,0,0
VENUSTIANO CARRANZA,08/04/2026,0.8125,106,103,17.1,28.5,22.6,72,984.1,0,0
VENUSTIANO CARRANZA,08/04/2026,0.805555556,104,109,17.4,23.5,22.8,71,983.9,0,0
VENUSTIANO CARRANZA,08/04/2026,0.798611111,106,102,18.4,25.8,22.9,70,983.7,0,0
VENUSTIANO CARRANZA,08/04/2026,0.791666667,106,119,20.1,31,23.2,70,983.9,0,3
VENUSTIANO CARRANZA,08/04/2026,0.784722222,103,115,21.4,36.3,23.3,69,983.8,0,13
VENUSTIANO CARRANZA,08/04/2026,0.777777778,100,102,20,27.1,23.4,68,983.7,0,22
VENUSTIANO CARRANZA,08/04/2026,0.770833333,106,108,21.9,32.4,23.7,67,983.7,0,42
VENUSTIANO CARRANZA,08/04/2026,0.763888889,104,97,19.5,31.5,24.1,66,983.7,0,50
VENUSTIANO CARRANZA,08/04/2026,0.756944444,98,98,20.5,32.2,24.1,66,983.5,0,75
VENUSTIANO CARRANZA,08/04/2026,0.75,105,76,16.7,34.4,24.5,65,983.6,0,149
VENUSTIANO CARRANZA,08/04/2026,0.743055556,106,103,18.7,29,24.5,64,983.6,0,116
VENUSTIANO CARRANZA,08/04/2026,0.736111111,106,88,19.7,34.4,24.9,63,983.4,0,139
VENUSTIANO CARRANZA,08/04/2026,0.729166667,112,114,19.3,30.1,24.8,63,983.5,0,170
VENUSTIANO CARRANZA,08/04/2026,0.722222222,107,113,20.2,31.9,25,62,983.4,0,123
VENUSTIANO CARRANZA,08/04/2026,0.715277778,98,89,21.5,33.7,25,62,983.2,0,226
VENUSTIANO CARRANZA,08/04/2026,0.708333333,101,108,19.7,32.8,24.8,63,983.3,0,220
VENUSTIANO CARRANZA,08/04/2026,0.701388889,107,101,21.8,34.2,24.8,62,983.2,0,200
VENUSTIANO CARRANZA,08/04/2026,0.694444444,116,111,19.5,30.4,25.2,60,983.4,0,163
VENUSTIANO CARRANZA,08/04/2026,0.6875,116,100,19.5,31,25,60,983.4,0,174
VENUSTIANO CARRANZA,08/04/2026,0.680555556,109,98,18.7,26.9,25,60,983.3,0,121
VENUSTIANO CARRANZA,08/04/2026,0.673611111,105,101,17.1,25.1,24.9,61,983.1,0,182
VENUSTIANO CARRANZA,08/04/2026,0.666666667,118,133,16.9,28.1,24.9,61,983.4,0,129
VENUSTIANO CARRANZA,08/04/2026,0.659722222,113,118,14.1,23.1,25.1,59,983.3,0,162
VENUSTIANO CARRANZA,08/04/2026,0.652777778,103,94,15.5,26,25,60,983.4,0,211
VENUSTIANO CARRANZA,08/04/2026,0.645833333,106,107,12,19.4,25.2,59,983.5,0,226
VENUSTIANO CARRANZA,08/04/2026,0.638888889,107,87,14.4,25.5,24.9,60,983.6,0,230
VENUSTIANO CARRANZA,08/04/2026,0.631944444,107,105,14.3,21.9,24.8,60,983.5,0,209
VENUSTIANO CARRANZA,08/04/2026,0.625,120,123,14.3,23.5,24.8,60,983.8,0,234
VENUSTIANO CARRANZA,08/04/2026,0.618055556,106,109,13.3,21.4,24.8,61,983.9,0,323
VENUSTIANO CARRANZA,08/04/2026,0.611111111,108,104,14.7,22.6,24.8,60,984.1,0,219
VENUSTIANO CARRANZA,08/04/2026,0.604166667,118,133,14,20.1,24.8,59,984.2,0,284
VENUSTIANO CARRANZA,08/04/2026,0.597222222,112,105,16.2,24.6,24.5,60,984.3,0,250
VENUSTIANO CARRANZA,08/04/2026,0.590277778,123,124,16.2,27.4,24.5,60,984.3,0,252
VENUSTIANO CARRANZA,08/04/2026,0.583333333,114,108,13.3,21.4,25,58,984.5,0,309
VENUSTIANO CARRANZA,08/04/2026,0.576388889,125,134,13.6,22.4,24.7,58,984.6,0,361
VENUSTIANO CARRANZA,08/04/2026,0.569444444,128,123,14.4,24.6,24.4,59,984.7,0,238
VENUSTIANO CARRANZA,08/04/2026,0.5625,137,165,12.9,19.2,24.6,58,984.7,0,271
VENUSTIANO CARRANZA,08/04/2026,0.555555556,117,99,14.2,22.8,24.9,58,984.9,0,298
VENUSTIANO CARRANZA,08/04/2026,0.548611111,117,105,17,27.6,24.4,59,984.8,0,412
VENUSTIANO CARRANZA,08/04/2026,0.541666667,119,93,13.7,21.9,24.7,59,985.1,0,420
VENUSTIANO CARRANZA,08/04/2026,0.534722222,98,112,15.4,23.1,24.5,61,985.2,0,256
VENUSTIANO CARRANZA,08/04/2026,0.527777778,115,117,14.5,25.5,25.2,60,985.3,0,1101
VENUSTIANO CARRANZA,08/04/2026,0.520833333,98,76,14.4,25,24.2,65,985.5,0,444
VENUSTIANO CARRANZA,08/04/2026,0.513888889,114,101,12,26.2,24,65,985.6,0,367
VENUSTIANO CARRANZA,08/04/2026,0.506944444,120,145,13.5,25.1,24,64,985.8,0,1094
VENUSTIANO CARRANZA,08/04/2026,0.5,121,144,13,23.5,24.3,64,986.2,0,782
VENUSTIANO CARRANZA,08/04/2026,0.493055556,119,129,15.3,22.1,23.6,66,986.3,0,571
VENUSTIANO CARRANZA,08/04/2026,0.486111111,117,120,13.7,21,23.4,68,986.3,0,690
VENUSTIANO CARRANZA,08/04/2026,0.479166667,123,114,11,17.3,22.8,68,986.5,0,347
VENUSTIANO CARRANZA,08/04/2026,0.472222222,133,134,12.3,20,22.6,70,986.5,0,386
VENUSTIANO CARRANZA,08/04/2026,0.465277778,123,134,11.3,20,22.1,71,986.4,0,339
VENUSTIANO CARRANZA,08/04/2026,0.458333333,131,120,11.1,18.9,21.9,71,986.7,0,284
VENUSTIANO CARRANZA,08/04/2026,0.451388889,109,115,11.6,17.7,21.8,73,986.7,0,267
VENUSTIANO CARRANZA,08/04/2026,0.444444444,127,133,12.3,19.6,21.6,74,986.7,0,305
VENUSTIANO CARRANZA,08/04/2026,0.4375,109,100,12.3,17.5,21.8,74,986.8,0,422
VENUSTIANO CARRANZA,08/04/2026,0.430555556,117,116,13.6,21.4,22,72,986.9,0,436
VENUSTIANO CARRANZA,08/04/2026,0.423611111,131,124,15.5,22.3,21.6,74,986.7,0,676
VENUSTIANO CARRANZA,08/04/2026,0.416666667,116,133,13.2,21.9,20.8,76,986.8,0,287
VENUSTIANO CARRANZA,08/04/2026,0.409722222,111,146,9.9,16.6,20.6,79,986.8,0,347
VENUSTIANO CARRANZA,08/04/2026,0.402777778,83,85,9.6,16.1,19.6,79,986.7,0,166
VENUSTIANO CARRANZA,08/04/2026,0.395833333,84,89,10.5,15.2,19.3,80,986.7,0,188
VENUSTIANO CARRANZA,08/04/2026,0.388888889,97,91,9,14.1,19.3,79,986.7,0,207
VENUSTIANO CARRANZA,08/04/2026,0.381944444,110,86,9,14.8,19,81,986.6,0,212
VENUSTIANO CARRANZA,08/04/2026,0.375,117,94,9.7,14.6,18.8,81,986.7,0,186
VENUSTIANO CARRANZA,08/04/2026,0.368055556,114,148,8.4,12.8,18.7,81,986.6,0,236
VENUSTIANO CARRANZA,08/04/2026,0.361111111,116,135,7.6,12.3,18.4,82,986.4,0,185
VENUSTIANO CARRANZA,08/04/2026,0.354166667,104,112,7.6,10.6,18.2,82,986.4,0,176
VENUSTIANO CARRANZA,08/04/2026,0.347222222,102,134,8,11.6,17.9,82,986.3,0,197
VENUSTIANO CARRANZA,08/04/2026,0.340277778,86,86,9.4,13.7,17.3,83,985.9,0,178
VENUSTIANO CARRANZA,08/04/2026,0.333333333,79,80,9.7,13.5,16.8,83,986.1,0,177
VENUSTIANO CARRANZA,08/04/2026,0.326388889,84,90,8.9,11.6,16.3,84,986.1,0,181
VENUSTIANO CARRANZA,08/04/2026,0.319444444,67,56,10.7,13.6,16.1,85,986,0,121
VENUSTIANO CARRANZA,08/04/2026,0.3125,49,50,10.9,14.2,15.6,85,985.8,0,166
VENUSTIANO CARRANZA,08/04/2026,0.305555556,51,59,8.1,11,14.8,86,985.8,0,67
VENUSTIANO CARRANZA,08/04/2026,0.298611111,48,45,8.4,13.1,14.6,86,985.5,0,38
VENUSTIANO CARRANZA,08/04/2026,0.291666667,43,45,9.7,13.5,14.6,86,985.5,0,31
VENUSTIANO CARRANZA,08/04/2026,0.284722222,47,48,9.2,13.3,14.7,86,985.3,0,30
VENUSTIANO CARRANZA,08/04/2026,0.277777778,56,55,10.2,14.9,14.8,86,985.1,0,14
VENUSTIANO CARRANZA,08/04/2026,0.270833333,59,60,12.1,15.4,14.9,86,985,0,7
VENUSTIANO CARRANZA,08/04/2026,0.263888889,63,60,10.2,13.8,15,86,984.9,0,1
VENUSTIANO CARRANZA,08/04/2026,0.256944444,39,30,9.3,13.1,14.7,85,984.8,0,0
VENUSTIANO CARRANZA,08/04/2026,0.25,54,48,10.3,14.4,14.9,85,984.9,0,0
VENUSTIANO CARRANZA,08/04/2026,0.243055556,39,38,11,14.2,14.8,85,984.8,0,0
VENUSTIANO CARRANZA,08/04/2026,0.236111111,58,62,11.2,14.4,14.9,85,984.7,0,0
VENUSTIANO CARRANZA,08/04/2026,0.229166667,76,65,12.3,16,15.3,84,984.6,0,0
VENUSTIANO CARRANZA,08/04/2026,0.222222222,77,82,9.9,15.1,15.4,84,984.6,0,0
VENUSTIANO CARRANZA,08/04/2026,0.215277778,64,85,6.7,13.5,15.1,85,984.5,0,0
VENUSTIANO CARRANZA,08/04/2026,0.208333333,50,35,5.9,7.9,14.6,85,984.6,0,0
VENUSTIANO CARRANZA,08/04/2026,0.201388889,67,74,5.9,7.2,14.5,85,984.6,0,0
VENUSTIANO CARRANZA,08/04/2026,0.194444444,85,88,7.4,10.4,14.6,85,984.4,0,0
VENUSTIANO CARRANZA,08/04/2026,0.1875,76,73,10,11.5,14.7,84,984.4,0,0
VENUSTIANO CARRANZA,08/04/2026,0.180555556,76,83,9.2,11.8,14.7,84,984.5,0,0
VENUSTIANO CARRANZA,08/04/2026,0.173611111,71,70,7.9,10.4,14.7,84,984.4,0,0
VENUSTIANO CARRANZA,08/04/2026,0.166666667,58,54,10.5,12.6,14.7,84,984.5,0,0
VENUSTIANO CARRANZA,08/04/2026,0.159722222,68,71,9.5,11.7,14.9,84,984.5,0,0
VENUSTIANO CARRANZA,08/04/2026,0.152777778,78,89,9.5,11.3,15,83,984.7,0,0
VENUSTIANO CARRANZA,08/04/2026,0.145833333,82,87,10.3,12.2,15,83,984.8,0,0
VENUSTIANO CARRANZA,08/04/2026,0.138888889,78,89,10.6,11.9,15.1,83,984.8,0,0
VENUSTIANO CARRANZA,08/04/2026,0.131944444,85,86,10.9,13.1,15.2,83,984.6,0,0
VENUSTIANO CARRANZA,08/04/2026,0.125,77,96,11.4,13.8,15.4,82,984.7,0,0
VENUSTIANO CARRANZA,08/04/2026,0.118055556,73,66,11,13.6,15.6,81,984.8,0,0
VENUSTIANO CARRANZA,08/04/2026,0.111111111,82,92,10.9,16.3,15.8,80,984.8,0,0
VENUSTIANO CARRANZA,08/04/2026,0.104166667,91,94,11.7,14.1,16.1,79,984.9,0,0
VENUSTIANO CARRANZA,08/04/2026,0.097222222,96,103,10,12.7,16.2,79,984.9,0,0
VENUSTIANO CARRANZA,08/04/2026,0.090277778,104,107,10.3,14.5,16.2,78,984.9,0,0
VENUSTIANO CARRANZA,08/04/2026,0.083333333,109,111,10.7,15.5,16.3,78,985.1,0,0
VENUSTIANO CARRANZA,08/04/2026,0.076388889,115,131,12.6,18.5,16.5,77,985.1,0,0
VENUSTIANO CARRANZA,08/04/2026,0.069444444,116,103,14.2,20.1,16.7,76,985.1,0,0
VENUSTIANO CARRANZA,08/04/2026,0.0625,114,121,14,23.4,16.7,76,985.2,0,0
VENUSTIANO CARRANZA,08/04/2026,0.055555556,114,118,15,21.2,16.8,75,985.2,0,0
VENUSTIANO CARRANZA,08/04/2026,0.048611111,114,114,14.6,23.3,16.8,74,985.1,0,0
VENUSTIANO CARRANZA,08/04/2026,0.041666667,118,117,12.5,20.5,16.5,74,985.4,0,0
VENUSTIANO CARRANZA,08/04/2026,0.034722222,115,116,13.4,21.2,16.5,73,985.3,0,0
VENUSTIANO CARRANZA,08/04/2026,0.027777778,115,119,13.3,19.1,16.5,72,985.3,0,0
VENUSTIANO CARRANZA,08/04/2026,0.020833333,111,111,13.3,18.4,16.2,72,985.3,0,0
VENUSTIANO CARRANZA,08/04/2026,0.013888889,100,92,14.1,18.4,16.2,71,985.4,0,0
VENUSTIANO CARRANZA,08/04/2026,0.006944444,110,94,13,17.4,16.4,70,985.2,0,0
VENUSTIANO CARRANZA,08/04/2026,0,105,98,13.5,17.8,16.5,69,985.2,0,0
VENUSTIANO CARRANZA,07/04/2026,0.993055556,110,109,11.3,13.7,16.7,68,985.2,0,0
VENUSTIANO CARRANZA,07/04/2026,0.986111111,108,111,11.1,13.3,16.8,67,985.2,0,0
VENUSTIANO CARRANZA,07/04/2026,0.979166667,109,105,10.4,12.9,17.1,65,985.2,0,0
VENUSTIANO CARRANZA,07/04/2026,0.972222222,115,113,10.5,12.8,17.1,66,985.1,0,0
VENUSTIANO CARRANZA,07/04/2026,0.965277778,111,110,11.2,12.6,17.5,63,985,0,0
VENUSTIANO CARRANZA,07/04/2026,0.958333333,109,110,10.9,13.7,17.7,62,985.3,0,0
VENUSTIANO CARRANZA,07/04/2026,0.951388889,107,107,10.9,15,17.8,61,985.2,0,0
VENUSTIANO CARRANZA,07/04/2026,0.944444444,106,106,12.6,16.8,17.9,61,985,0,0
VENUSTIANO CARRANZA,07/04/2026,0.9375,104,104,12.6,16.3,18.2,59,985,0,0
VENUSTIANO CARRANZA,07/04/2026,0.930555556,123,131,13.1,17.9,18.9,56,985,0,0
VENUSTIANO CARRANZA,07/04/2026,0.923611111,125,128,13.4,18.4,19,56,984.9,0,0
VENUSTIANO CARRANZA,07/04/2026,0.916666667,132,132,13.1,20,18.8,56,984.9,0,0
VENUSTIANO CARRANZA,07/04/2026,0.909722222,134,134,12.9,17.3,18.6,57,984.9,0,0
VENUSTIANO CARRANZA,07/04/2026,0.902777778,132,127,13.3,17,18.5,57,984.8,0,0
VENUSTIANO CARRANZA,07/04/2026,0.895833333,132,132,12.4,16.6,18.5,57,984.9,0,0
VENUSTIANO CARRANZA,07/04/2026,0.888888889,124,115,11.7,15.8,18.5,57,984.8,0,0
VENUSTIANO CARRANZA,07/04/2026,0.881944444,116,120,11.2,14.7,18.9,55,984.6,0,0
VENUSTIANO CARRANZA,07/04/2026,0.875,114,121,9.5,11.7,18.9,55,984.7,0,0
VENUSTIANO CARRANZA,07/04/2026,0.868055556,103,95,10.4,13.9,19.2,54,984.6,0,0
VENUSTIANO CARRANZA,07/04/2026,0.861111111,99,108,12.8,17.1,19.6,52,984.4,0,0
VENUSTIANO CARRANZA,07/04/2026,0.854166667,96,94,13.4,17.6,19.6,52,984.3,0,0
VENUSTIANO CARRANZA,07/04/2026,0.847222222,93,94,13,17.1,19.7,51,984.1,0,0
VENUSTIANO CARRANZA,07/04/2026,0.840277778,88,94,13.2,17.1,19.8,50,984,0,0
VENUSTIANO CARRANZA,07/04/2026,0.833333333,95,96,13.3,17.6,20,49,983.8,0,0
VENUSTIANO CARRANZA,07/04/2026,0.826388889,96,93,14,18.7,20.2,48,983.7,0,0
VENUSTIANO CARRANZA,07/04/2026,0.819444444,99,97,13.6,20.1,20.4,46,983.5,0,0
VENUSTIANO CARRANZA,07/04/2026,0.8125,99,90,14.1,19,20.7,45,983.5,0,0
VENUSTIANO CARRANZA,07/04/2026,0.805555556,98,101,15.2,21,21,44,983.4,0,0
VENUSTIANO CARRANZA,07/04/2026,0.798611111,101,106,16.6,23.9,21.3,42,983.1,0,0
VENUSTIANO CARRANZA,07/04/2026,0.791666667,97,107,17,24.5,21.6,41,983.1,0,3
VENUSTIANO CARRANZA,07/04/2026,0.784722222,100,101,15.8,22.4,21.8,41,983.1,0,14
VENUSTIANO CARRANZA,07/04/2026,0.777777778,104,111,17.7,30.1,22.1,39,983.1,0,17
VENUSTIANO CARRANZA,07/04/2026,0.770833333,106,110,19.7,30.1,22.5,37,983,0,37
VENUSTIANO CARRANZA,07/04/2026,0.763888889,105,106,21.5,31,22.7,38,982.9,0,71
VENUSTIANO CARRANZA,07/04/2026,0.756944444,99,107,22.1,31.7,22.9,37,982.7,0,113
VENUSTIANO CARRANZA,07/04/2026,0.75,100,95,23.9,34.2,22.8,37,982.9,0,86
VENUSTIANO CARRANZA,07/04/2026,0.743055556,101,98,20.9,33.7,23.3,36,983,0,129
VENUSTIANO CARRANZA,07/04/2026,0.736111111,100,112,22.5,33.5,23.5,35,983,0,209
VENUSTIANO CARRANZA,07/04/2026,0.729166667,100,90,21.5,34.2,23.9,34,982.8,0,286
VENUSTIANO CARRANZA,07/04/2026,0.722222222,97,100,23.1,34.4,24.1,34,982.7,0,345
VENUSTIANO CARRANZA,07/04/2026,0.715277778,96,108,21.7,35.1,24.3,33,982.6,0,415
VENUSTIANO CARRANZA,07/04/2026,0.708333333,94,91,24,35.6,24.3,33,982.6,0,428
VENUSTIANO CARRANZA,07/04/2026,0.701388889,98,104,21.6,33.3,24.1,33,982.8,0,444
VENUSTIANO CARRANZA,07/04/2026,0.694444444,103,94,20.7,30.1,23.7,35,982.7,0,468
VENUSTIANO CARRANZA,07/04/2026,0.6875,112,133,19.9,29.2,23.8,36,982.8,0,445
VENUSTIANO CARRANZA,07/04/2026,0.680555556,110,109,19.4,31.9,24.4,35,982.9,0,212
VENUSTIANO CARRANZA,07/04/2026,0.673611111,111,128,19.5,28.8,23.6,34,982.7,0,272
VENUSTIANO CARRANZA,07/04/2026,0.666666667,98,112,19,27.6,23.6,36,982.8,0,418
VENUSTIANO CARRANZA,07/04/2026,0.659722222,97,111,18.1,26.9,23.6,36,983,0,242
VENUSTIANO CARRANZA,07/04/2026,0.652777778,94,95,19.5,30.4,23.2,36,983.1,0,586
VENUSTIANO CARRANZA,07/04/2026,0.645833333,119,134,18.8,27.8,23.3,37,983.2,0,422
VENUSTIANO CARRANZA,07/04/2026,0.638888889,115,98,19.1,29.5,23.4,39,983.4,0,525
VENUSTIANO CARRANZA,07/04/2026,0.631944444,121,99,17.5,24.9,23.7,38,983.4,0,414
VENUSTIANO CARRANZA,07/04/2026,0.625,110,100,19,31.5,23.4,39,983.7,0,492
VENUSTIANO CARRANZA,07/04/2026,0.618055556,125,137,17.7,27.8,23.3,41,983.8,0,406
VENUSTIANO CARRANZA,07/04/2026,0.611111111,125,106,17.3,28.3,23.4,39,983.8,0,434
VENUSTIANO CARRANZA,07/04/2026,0.604166667,122,114,16,28.8,23.5,39,984,0,480
VENUSTIANO CARRANZA,07/04/2026,0.597222222,117,140,16.9,26,23.3,40,984.2,0,510
VENUSTIANO CARRANZA,07/04/2026,0.590277778,110,114,16.1,25.3,24.3,38,984.1,0,747
VENUSTIANO CARRANZA,07/04/2026,0.583333333,131,130,16.5,25.3,23.5,42,984.4,0,964
VENUSTIANO CARRANZA,07/04/2026,0.576388889,125,127,18.2,29.7,23.3,43,984.6,0,863
VENUSTIANO CARRANZA,07/04/2026,0.569444444,121,121,17.5,29.9,23.5,40,984.7,0,859
VENUSTIANO CARRANZA,07/04/2026,0.5625,136,133,18.8,32.6,23.1,42,985,0,879
VENUSTIANO CARRANZA,07/04/2026,0.555555556,127,142,18.3,31.9,22.4,46,985.2,0,828
VENUSTIANO CARRANZA,07/04/2026,0.548611111,138,131,18,33.5,22.6,45,985.2,0,456
VENUSTIANO CARRANZA,07/04/2026,0.541666667,131,128,17.6,28.5,22.5,45,985.5,0,879
VENUSTIANO CARRANZA,07/04/2026,0.534722222,135,131,19.3,30.8,22.5,44,985.8,0,899
VENUSTIANO CARRANZA,07/04/2026,0.527777778,127,114,17.4,27.6,22.8,45,985.8,0,928
VENUSTIANO CARRANZA,07/04/2026,0.520833333,114,114,19.6,27.8,21.8,47,986.1,0,932
VENUSTIANO CARRANZA,07/04/2026,0.513888889,134,123,17.9,28.9,22.7,44,986.3,0,1060
VENUSTIANO CARRANZA,07/04/2026,0.465277778,117,127,20.9,33.5,19.5,55,987.4,0,937
VENUSTIANO CARRANZA,07/04/2026,0.458333333,115,117,19.3,31.7,19.1,56,987.9,0,316
VENUSTIANO CARRANZA,07/04/2026,0.451388889,126,120,20.5,29.4,19.1,55,988.1,0,351
VENUSTIANO CARRANZA,07/04/2026,0.444444444,115,114,22.1,31,18.8,58,988.1,0,290
VENUSTIANO CARRANZA,07/04/2026,0.4375,119,126,21.2,30.3,18.7,58,988,0,252
VENUSTIANO CARRANZA,07/04/2026,0.430555556,114,130,22.7,30.5,18.8,56,988.1,0,278
VENUSTIANO CARRANZA,07/04/2026,0.423611111,119,133,17.8,26.4,20,55,988,0,460
VENUSTIANO CARRANZA,07/04/2026,0.416666667,119,115,18.9,27.6,19.5,57,988.2,0,627
VENUSTIANO CARRANZA,07/04/2026,0.409722222,117,116,15.5,24.8,18.8,60,988,0,251
VENUSTIANO CARRANZA,07/04/2026,0.402777778,121,120,19.5,33,17.7,59,987.6,0,268
VENUSTIANO CARRANZA,07/04/2026,0.395833333,115,127,15.2,21.9,17.8,62,987.7,0,204
VENUSTIANO CARRANZA,07/04/2026,0.388888889,120,121,18.2,26.7,17.3,62,987.8,0,284
VENUSTIANO CARRANZA,07/04/2026,0.381944444,116,120,16.9,26,16.9,65,987.4,0,164
VENUSTIANO CARRANZA,07/04/2026,0.375,114,122,16.9,24.2,16.7,68,987.5,0,163
VILLAGRAN,#¡VALOR!,#¡VALOR!,Dirección del Viento,Dirección de ráfaga (grados),Rapidez de viento (km/h),Rapidez de ráfaga (km/h),Temperatura del Aire (°C),Humedad relativa (%),Presión Atmosférica (hpa),Precipitación (mm),Radiación Solar (W/m²)
VILLAGRAN,14/04/2026,0.340277778,161,173,12.7,23,21.3,100,967.5,0,17
VILLAGRAN,14/04/2026,0.333333333,157,154,13.2,25.9,21.3,100,967.5,0,35
VILLAGRAN,14/04/2026,0.326388889,153,161,13,26.6,21.3,100,967.4,0,35
VILLAGRAN,14/04/2026,0.319444444,151,149,13.4,24.5,21.2,100,967.3,0,44
VILLAGRAN,14/04/2026,0.3125,148,164,11.7,21.2,21.1,100,967.2,0,26
VILLAGRAN,14/04/2026,0.305555556,144,122,13.4,27,21.1,100,967.2,0,17
VILLAGRAN,14/04/2026,0.298611111,141,150,15.3,26.3,21,100,967.1,0,0
VILLAGRAN,14/04/2026,0.291666667,141,129,13.9,22.3,20.9,100,967,0,0
VILLAGRAN,14/04/2026,0.284722222,128,106,16.3,27.7,20.9,100,966.9,0,0
VILLAGRAN,14/04/2026,0.277777778,142,153,13.2,29.9,20.9,100,966.8,0,0
VILLAGRAN,14/04/2026,0.270833333,137,149,13.1,25.2,20.9,100,966.7,0,0
VILLAGRAN,14/04/2026,0.263888889,127,110,12.6,24.8,20.9,100,966.6,0,0
VILLAGRAN,14/04/2026,0.256944444,133,121,13,23.4,20.9,100,966.5,0,0
VILLAGRAN,14/04/2026,0.25,138,149,13.6,24.8,20.9,100,966.5,0,0
VILLAGRAN,14/04/2026,0.243055556,145,136,12.6,20.5,20.9,100,966.5,0,0
VILLAGRAN,14/04/2026,0.236111111,136,149,12.9,22,20.9,100,966.5,0,0
VILLAGRAN,14/04/2026,0.229166667,125,123,14.9,28.1,20.9,100,966.5,0,0
VILLAGRAN,14/04/2026,0.222222222,136,148,15.1,26.6,20.8,100,966.4,0,0
VILLAGRAN,14/04/2026,0.215277778,140,121,12.4,24.5,20.8,100,966.4,0,0
VILLAGRAN,14/04/2026,0.208333333,150,131,10.7,22.7,20.9,100,966.5,0,0
VILLAGRAN,14/04/2026,0.201388889,144,156,9.7,18.7,20.9,100,966.4,0,0
VILLAGRAN,14/04/2026,0.194444444,143,127,11.9,26.6,20.9,100,966.5,0,0
VILLAGRAN,14/04/2026,0.1875,141,133,10.2,20.2,21,100,966.6,0,0
VILLAGRAN,14/04/2026,0.180555556,141,136,10.3,20.5,20.9,100,966.4,0,0
VILLAGRAN,14/04/2026,0.173611111,137,135,9.6,20.9,21,100,966.4,0,0
VILLAGRAN,14/04/2026,0.166666667,129,141,11.7,21.2,21.1,100,966.4,0,0
VILLAGRAN,14/04/2026,0.159722222,142,133,9.4,17.6,21.1,100,966.5,0,0
VILLAGRAN,14/04/2026,0.152777778,132,123,10.3,18,21.1,100,966.5,0,0
VILLAGRAN,14/04/2026,0.145833333,136,138,9.9,18.4,21.2,100,966.5,0,0
VILLAGRAN,14/04/2026,0.138888889,145,150,10,20.2,21.2,100,966.6,0,0
VILLAGRAN,14/04/2026,0.131944444,148,167,13.1,24.1,21.3,100,966.6,0,0
VILLAGRAN,14/04/2026,0.125,147,143,12,23,21.3,100,966.8,0,0
VILLAGRAN,14/04/2026,0.118055556,144,166,10,20.9,21.4,100,966.8,0,0
VILLAGRAN,14/04/2026,0.111111111,147,126,9.1,20.2,21.4,100,966.9,0,0
VILLAGRAN,14/04/2026,0.104166667,149,165,10.5,19.8,21.4,100,967,0,0
VILLAGRAN,14/04/2026,0.097222222,143,142,8.3,16.2,21.5,100,967.2,0,0
VILLAGRAN,14/04/2026,0.090277778,149,148,9.5,20.2,21.5,100,967.3,0,0
VILLAGRAN,14/04/2026,0.083333333,148,169,9.3,20.9,21.5,100,967.4,0,0
VILLAGRAN,14/04/2026,0.076388889,151,154,9.4,18,21.6,100,967.5,0,0
VILLAGRAN,14/04/2026,0.069444444,152,123,12.2,22.7,21.6,100,967.6,0,0
VILLAGRAN,14/04/2026,0.0625,152,148,9.3,17.3,21.6,100,967.8,0,0
VILLAGRAN,14/04/2026,0.055555556,156,172,10.5,18.4,21.7,100,967.9,0,0
VILLAGRAN,14/04/2026,0.048611111,146,154,11.2,21.6,21.8,100,967.9,0,0
VILLAGRAN,14/04/2026,0.041666667,146,145,12.3,23.4,21.9,100,967.9,0,0
VILLAGRAN,14/04/2026,0.034722222,148,132,11.2,22,22,100,968,0,0
VILLAGRAN,14/04/2026,0.027777778,149,162,8.6,15.8,22.1,100,968.1,0,0
VILLAGRAN,14/04/2026,0.020833333,133,129,11.7,21.2,22.2,100,968.2,0,0
VILLAGRAN,14/04/2026,0.013888889,137,122,11.7,22.7,22.3,98,968.2,0,0
VILLAGRAN,14/04/2026,0.006944444,144,143,11.6,24.5,22.5,98,968.2,0,0
VILLAGRAN,14/04/2026,0,146,135,11.5,19.8,22.5,97,968.3,0,0
VILLAGRAN,13/04/2026,0.993055556,150,137,9.7,16.9,22.6,97,968.2,0,0
VILLAGRAN,13/04/2026,0.986111111,142,140,10.1,18.7,22.6,96,968.3,0,0
VILLAGRAN,13/04/2026,0.979166667,145,132,10.7,19.1,22.8,95,968.4,0,0
VILLAGRAN,13/04/2026,0.972222222,131,139,9.2,15.8,22.8,95,968.3,0,0
VILLAGRAN,13/04/2026,0.965277778,140,119,9.3,15.8,23.1,93,968.3,0,0
VILLAGRAN,13/04/2026,0.958333333,148,149,8.1,14.4,23.1,92,968.3,0,0
VILLAGRAN,13/04/2026,0.951388889,158,147,6.3,13,23.2,91,968.3,0,0
VILLAGRAN,13/04/2026,0.944444444,159,207,7.1,15.8,23.5,89,968.3,0,0
VILLAGRAN,13/04/2026,0.9375,168,167,7.7,16.6,23.6,89,968.2,0,0
VILLAGRAN,13/04/2026,0.930555556,171,180,8.9,18.7,24,86,968.2,0,0
VILLAGRAN,13/04/2026,0.923611111,177,174,7.8,13.7,24.1,86,968.2,0,0
VILLAGRAN,13/04/2026,0.916666667,161,177,8.4,16.2,24.3,85,968,0,0
VILLAGRAN,13/04/2026,0.909722222,158,181,9.2,19.4,24.6,84,967.9,0,0
VILLAGRAN,13/04/2026,0.902777778,155,144,9.6,19.1,25,81,967.9,0,0
VILLAGRAN,13/04/2026,0.895833333,152,163,8.6,22.3,25,82,967.8,0,0
VILLAGRAN,13/04/2026,0.888888889,138,96,9.4,24.8,25.3,81,967.7,0,0
VILLAGRAN,13/04/2026,0.881944444,128,124,11.5,22.3,25.6,80,967.5,0,0
VILLAGRAN,13/04/2026,0.875,121,119,12.5,22.3,25.8,79,967.4,0,0
VILLAGRAN,13/04/2026,0.868055556,118,119,12.7,24.1,26,80,967.3,0,0
VILLAGRAN,13/04/2026,0.861111111,124,134,10.7,20.2,26.3,79,967.2,0,0
VILLAGRAN,13/04/2026,0.854166667,125,145,11.1,20.9,26.4,78,967.1,0,0
VILLAGRAN,13/04/2026,0.847222222,120,118,11.6,20.2,26.7,77,967,0,0
VILLAGRAN,13/04/2026,0.840277778,121,132,14.1,25.6,26.9,76,966.9,0,0
VILLAGRAN,13/04/2026,0.833333333,117,112,14.7,28.8,27.3,74,966.7,0,0
VILLAGRAN,13/04/2026,0.826388889,117,122,15.3,30.6,27.4,74,966.6,0,0
VILLAGRAN,13/04/2026,0.819444444,117,136,14.1,27.4,27.6,72,966.5,0,0
VILLAGRAN,13/04/2026,0.8125,116,132,18.6,33.1,27.9,70,966.4,0,0
VILLAGRAN,13/04/2026,0.805555556,121,126,15.7,29.5,28.3,67,966.3,0,0
VILLAGRAN,13/04/2026,0.798611111,124,120,13.3,27,28.7,61,966.1,0,0
VILLAGRAN,13/04/2026,0.791666667,134,143,10.4,18.4,28.7,53,966.1,0,0
VILLAGRAN,13/04/2026,0.784722222,144,133,10.7,20.2,29.1,51,966,0,0
VILLAGRAN,13/04/2026,0.777777778,142,143,11.2,21.2,29.5,48,965.9,0,0
VILLAGRAN,13/04/2026,0.770833333,146,170,10.1,18,29.8,47,965.8,0,0
VILLAGRAN,13/04/2026,0.763888889,143,148,12.6,23.4,30.1,45,965.7,0,26
VILLAGRAN,13/04/2026,0.756944444,132,134,12.6,24.1,30.3,44,965.6,0,17
VILLAGRAN,13/04/2026,0.75,131,155,16.2,27.4,30.7,42,965.5,0,26
VILLAGRAN,13/04/2026,0.743055556,127,124,17.2,34.6,30.9,42,965.4,0,149
VILLAGRAN,13/04/2026,0.736111111,134,150,16,28.4,31.1,42,965.4,0,105
VILLAGRAN,13/04/2026,0.729166667,144,139,14.8,27.4,31.5,41,965.4,0,227
VILLAGRAN,13/04/2026,0.722222222,129,117,11.8,23.4,31.4,40,965.4,0,254
VILLAGRAN,13/04/2026,0.715277778,125,106,18.9,30.2,31.1,42,965.4,0,114
VILLAGRAN,13/04/2026,0.708333333,123,121,14.9,26.6,31.6,41,965.5,0,114
VILLAGRAN,13/04/2026,0.701388889,118,134,18,32.4,31.7,42,965.5,0,114
VILLAGRAN,13/04/2026,0.694444444,132,125,15.8,31.3,32.4,41,965.5,0,481
VILLAGRAN,13/04/2026,0.6875,122,136,16.1,31,32,41,965.6,0,525
VILLAGRAN,13/04/2026,0.680555556,131,125,18.6,33.8,31.7,42,965.7,0,586
VILLAGRAN,13/04/2026,0.673611111,135,118,17.1,35.6,33,41,965.6,0,621
VILLAGRAN,13/04/2026,0.666666667,127,147,18.3,42.8,32.1,42,965.6,0,359
VILLAGRAN,13/04/2026,0.659722222,115,136,17.5,36,31.4,44,965.7,0,516
VILLAGRAN,13/04/2026,0.652777778,151,147,14.8,29.2,33.1,41,965.9,0,761
VILLAGRAN,13/04/2026,0.645833333,140,113,17.2,32,31.8,44,966,0,840
VILLAGRAN,13/04/2026,0.638888889,135,150,15.4,29.2,32.1,44,966.1,0,332
VILLAGRAN,13/04/2026,0.631944444,140,133,16,30.6,32.6,44,966.2,0,560
VILLAGRAN,13/04/2026,0.625,136,134,12.9,30.6,31.7,46,966.3,0,840
VILLAGRAN,13/04/2026,0.618055556,135,86,13.8,29.9,31.9,48,966.5,0,682
VILLAGRAN,13/04/2026,0.611111111,140,161,16.9,33.5,30.7,51,966.6,0,184
VILLAGRAN,13/04/2026,0.604166667,123,115,15.5,30.2,31.8,48,966.7,0,297
VILLAGRAN,13/04/2026,0.597222222,120,135,13.9,27.7,31.7,50,966.8,0,673
VILLAGRAN,13/04/2026,0.590277778,125,117,14.3,24.5,31.2,50,966.9,0,297
VILLAGRAN,13/04/2026,0.583333333,112,125,18.1,29.9,30.8,52,967.1,0,411
VILLAGRAN,13/04/2026,0.576388889,141,122,16.9,29.9,30.8,53,967.2,0,341
VILLAGRAN,13/04/2026,0.569444444,159,167,15,27.7,31.5,51,967.3,0,1023
VILLAGRAN,13/04/2026,0.5625,175,205,18,32.4,32.1,49,967.5,0,1032
VILLAGRAN,13/04/2026,0.555555556,132,134,15.3,34.9,31.1,52,967.7,0,979
VILLAGRAN,13/04/2026,0.548611111,158,203,12.9,25.6,30.7,52,967.8,0,971
VILLAGRAN,13/04/2026,0.541666667,142,153,14.4,29.9,30.3,54,967.9,0,979
VILLAGRAN,13/04/2026,0.534722222,143,142,18.5,30.2,29.7,57,968.1,0,997
VILLAGRAN,13/04/2026,0.527777778,148,133,15,34.9,29.9,54,968.2,0,988
VILLAGRAN,13/04/2026,0.520833333,125,109,15.7,29.5,29.8,55,968.3,0,979
VILLAGRAN,13/04/2026,0.513888889,121,128,15.6,31.3,29.2,59,968.4,0,979
VILLAGRAN,13/04/2026,0.506944444,137,118,14.3,34.2,29.1,58,968.6,0,971
VILLAGRAN,13/04/2026,0.5,143,119,14.6,29.2,28.6,62,968.7,0,971
VILLAGRAN,13/04/2026,0.493055556,128,149,14.1,26.3,28,62,968.9,0,962
VILLAGRAN,13/04/2026,0.486111111,145,188,11.2,28.1,28.3,63,969,0,953
VILLAGRAN,13/04/2026,0.479166667,143,119,14.6,29.5,27.4,66,969.1,0,927
VILLAGRAN,13/04/2026,0.472222222,151,172,17.3,31,27.4,67,969.1,0,910
VILLAGRAN,13/04/2026,0.465277778,149,149,12.7,23.8,27.6,66,969.3,0,901
VILLAGRAN,13/04/2026,0.458333333,135,92,14.7,29.9,26.8,69,969.4,0,883
VILLAGRAN,13/04/2026,0.451388889,148,156,14.5,26.3,25.9,73,969.6,0,866
VILLAGRAN,13/04/2026,0.444444444,139,130,16.6,28.1,25.9,74,969.6,0,848
VILLAGRAN,13/04/2026,0.4375,151,125,14.2,25.9,26.1,72,969.6,0,848
VILLAGRAN,13/04/2026,0.430555556,154,145,15,27.7,25.7,76,969.7,0,787
VILLAGRAN,13/04/2026,0.423611111,151,139,15.6,26.6,25.2,76,969.7,0,805
VILLAGRAN,13/04/2026,0.416666667,141,126,15,26.6,25.2,81,969.7,0,778
VILLAGRAN,13/04/2026,0.409722222,142,156,16.5,28.8,24.5,83,969.7,0,848
VILLAGRAN,13/04/2026,0.402777778,140,121,16.5,27.7,24,88,969.7,0,761
VILLAGRAN,13/04/2026,0.395833333,130,115,15.1,25.2,23.4,92,969.6,0,332
VILLAGRAN,13/04/2026,0.388888889,139,151,12.7,23,22.9,93,969.5,0,254
VILLAGRAN,13/04/2026,0.381944444,140,136,12.2,21.2,23.4,93,969.6,0,560
VILLAGRAN,13/04/2026,0.375,143,154,12.6,19.8,22.6,95,969.6,0,498
VILLAGRAN,13/04/2026,0.368055556,142,124,13.1,23.8,21.9,100,969.5,0,577
VILLAGRAN,13/04/2026,0.361111111,135,128,14.1,22.7,21.9,98,969.6,0,280
VILLAGRAN,13/04/2026,0.354166667,141,143,13.8,27.4,21.9,97,969.5,0,472
VILLAGRAN,13/04/2026,0.347222222,147,138,16.3,27.7,21.4,100,969.5,0,394
VILLAGRAN,13/04/2026,0.340277778,149,135,13.1,24.5,21,100,969.4,0,289
VILLAGRAN,13/04/2026,0.333333333,127,129,11.3,19.4,20.7,100,969.3,0,131
VILLAGRAN,13/04/2026,0.326388889,124,153,13.1,21.6,20.4,100,969.3,0,271
VILLAGRAN,13/04/2026,0.319444444,121,134,10.6,19.4,20.3,100,969.2,0,227
VILLAGRAN,13/04/2026,0.3125,118,113,10.9,18.7,20,100,969.2,0,149
VILLAGRAN,13/04/2026,0.305555556,118,138,11.4,18.4,19.7,100,969.2,0,131
VILLAGRAN,13/04/2026,0.298611111,122,134,10.5,19.1,19.3,100,969.1,0,44
VILLAGRAN,13/04/2026,0.291666667,124,131,12.3,22,19.3,100,969.1,0,26
VILLAGRAN,13/04/2026,0.284722222,135,153,12.3,19.1,19.3,100,969,0,0
VILLAGRAN,13/04/2026,0.277777778,142,148,9,19.4,19.3,100,969.1,0,0
VILLAGRAN,13/04/2026,0.270833333,150,163,9.7,22.3,19.4,100,969.1,0,0
VILLAGRAN,13/04/2026,0.263888889,148,143,13.2,24.5,19.4,100,968.9,0,0
VILLAGRAN,13/04/2026,0.256944444,146,149,12.7,23.8,19.4,100,968.8,0,0
VILLAGRAN,13/04/2026,0.25,152,140,10.6,25.2,19.2,100,968.8,0,0
VILLAGRAN,13/04/2026,0.243055556,153,149,9.7,17.3,19.2,100,968.7,0,0
VILLAGRAN,13/04/2026,0.236111111,160,181,10.5,21.2,19.1,100,968.6,0,0
VILLAGRAN,13/04/2026,0.229166667,162,180,9.4,23,19,100,968.5,0,0
VILLAGRAN,13/04/2026,0.222222222,171,165,9.8,22.3,19,100,968.4,0,0
VILLAGRAN,13/04/2026,0.215277778,176,170,10.1,23.8,19.1,100,968.4,0,0
VILLAGRAN,13/04/2026,0.208333333,171,164,9.1,21.2,19.1,100,968.2,0,0
VILLAGRAN,13/04/2026,0.201388889,188,207,10.2,22.7,19.1,100,968.1,0,0
VILLAGRAN,13/04/2026,0.194444444,182,201,12.7,27,19,100,968,0,0
VILLAGRAN,13/04/2026,0.1875,173,174,12.3,26.6,18.9,100,968,0,0
VILLAGRAN,13/04/2026,0.180555556,173,176,10,27,18.8,100,967.8,0,0
VILLAGRAN,13/04/2026,0.173611111,157,159,11.4,22,18.8,100,967.6,0,0
VILLAGRAN,13/04/2026,0.166666667,155,151,11.3,23.8,19,100,967.4,0,0
VILLAGRAN,13/04/2026,0.159722222,144,134,11.6,27,19.1,100,967.3,0,0
VILLAGRAN,13/04/2026,0.152777778,123,126,16.2,31.3,19,100,966.9,0,0
VILLAGRAN,13/04/2026,0.145833333,113,114,15.1,35.3,19,100,966.6,0,0
VILLAGRAN,13/04/2026,0.138888889,114,105,16.8,31.3,18.9,100,966.4,0,0
VILLAGRAN,13/04/2026,0.131944444,106,118,16.6,27.4,18.9,100,966.5,0,0
VILLAGRAN,13/04/2026,0.125,111,109,15.3,27.4,18.8,100,966.5,0,0
VILLAGRAN,13/04/2026,0.118055556,109,93,14.2,22,18.8,100,966.8,0,0
VILLAGRAN,13/04/2026,0.111111111,116,103,10.4,20.2,19,100,967.1,0,0
VILLAGRAN,13/04/2026,0.104166667,113,113,15.5,28.1,19.1,100,967,0,0
VILLAGRAN,13/04/2026,0.097222222,110,109,17.8,32,19.4,100,966.9,0,0
VILLAGRAN,13/04/2026,0.090277778,105,91,15,27.4,19.9,100,967,0,0
VILLAGRAN,13/04/2026,0.083333333,110,115,12.3,20.9,20,100,967,0,0
VILLAGRAN,13/04/2026,0.076388889,119,112,9.7,16.9,20.3,100,967.1,0,0
VILLAGRAN,13/04/2026,0.069444444,102,121,8.3,15.8,20.1,100,967.5,0,0
VILLAGRAN,13/04/2026,0.0625,101,121,7.7,15.1,19.9,100,968.1,0,0
VILLAGRAN,13/04/2026,0.055555556,110,65,3.9,9.4,19.5,100,968.5,0,0
VILLAGRAN,13/04/2026,0.048611111,161,165,7.9,21.6,19.5,100,969,0,0
VILLAGRAN,13/04/2026,0.041666667,161,161,8.4,18.7,19.6,100,969.3,0,0
VILLAGRAN,13/04/2026,0.034722222,162,165,8.1,20.5,19.6,100,969.7,0,0
VILLAGRAN,13/04/2026,0.027777778,168,165,8.1,24.1,19.7,100,969.8,0,0
VILLAGRAN,13/04/2026,0.020833333,130,102,5.5,9.7,19.7,100,970.1,0,0
VILLAGRAN,13/04/2026,0.013888889,110,110,3.8,9,19.6,100,970.3,0,0
VILLAGRAN,13/04/2026,0.006944444,102,94,2.6,5.4,19.6,100,970.5,0,0
VILLAGRAN,13/04/2026,0,86,92,3,7.6,19.6,100,970.7,0,0
VILLAGRAN,12/04/2026,0.993055556,5,2,2.3,5,19.6,100,971.1,0,0
VILLAGRAN,12/04/2026,0.986111111,350,291,3.6,9,19.6,100,971.3,0,0
VILLAGRAN,12/04/2026,0.979166667,327,41,6,16.2,19.7,100,972,0,0
VILLAGRAN,12/04/2026,0.972222222,313,336,5.1,13.3,19.6,100,971.8,0,0
VILLAGRAN,12/04/2026,0.965277778,121,174,2.6,8.6,19.6,100,972.1,0,0
VILLAGRAN,12/04/2026,0.958333333,107,229,2.8,7.9,19.6,100,972,1.4,0
VILLAGRAN,12/04/2026,0.951388889,289,165,3.2,8.3,19.5,100,972.5,1,0
VILLAGRAN,12/04/2026,0.944444444,308,291,4.5,10.1,19.5,100,972.7,0.2,0
VILLAGRAN,12/04/2026,0.9375,316,316,2.9,7.2,19.4,100,972.5,0.2,0
VILLAGRAN,12/04/2026,0.930555556,326,342,2.6,7.9,19.3,100,972.4,0.2,0
VILLAGRAN,12/04/2026,0.923611111,190,153,4.4,10.8,19.3,100,972.2,0.6,0
VILLAGRAN,12/04/2026,0.916666667,329,315,6.5,15.1,19.6,100,972.1,1.4,0
VILLAGRAN,12/04/2026,0.909722222,327,314,4.2,9.7,20.7,96,972.2,0,0
VILLAGRAN,12/04/2026,0.902777778,310,314,5.1,10.8,20.7,97,971.9,0,0
VILLAGRAN,12/04/2026,0.895833333,318,302,5.2,10.4,20.6,98,971.8,0,0
VILLAGRAN,12/04/2026,0.888888889,317,354,4.1,10.1,20.7,96,971.5,0,0
VILLAGRAN,12/04/2026,0.881944444,295,295,2.5,8.3,20.9,95,971.2,0,0
VILLAGRAN,12/04/2026,0.875,310,286,4.4,14,21.1,93,971,0,0
VILLAGRAN,12/04/2026,0.868055556,301,259,5.8,17.3,21,92,970.7,0,0
VILLAGRAN,12/04/2026,0.861111111,324,238,4.9,14.4,21,95,970.8,0,0
VILLAGRAN,12/04/2026,0.854166667,310,343,5.8,15.1,20.8,95,970.2,0,0
VILLAGRAN,12/04/2026,0.847222222,301,5,4.8,14.4,21,93,970.3,0,0
VILLAGRAN,12/04/2026,0.840277778,276,289,6.7,16.9,21.1,93,970,0,0
VILLAGRAN,12/04/2026,0.833333333,298,342,7.2,24.8,21.3,89,969.7,0,0
VILLAGRAN,12/04/2026,0.826388889,304,346,9.2,27,21.4,92,969.5,0,0
VILLAGRAN,12/04/2026,0.819444444,301,292,9.4,28.1,21.5,93,969.5,0,0
VILLAGRAN,12/04/2026,0.8125,320,313,15.3,35.3,21.6,92,969.2,0,0
VILLAGRAN,12/04/2026,0.805555556,326,345,21.3,48.6,21.9,92,969,0,0
VILLAGRAN,12/04/2026,0.798611111,333,351,22.2,41,22.1,94,968.9,0,0
VILLAGRAN,12/04/2026,0.791666667,335,345,22.4,49.3,22.3,98,968.4,0,0
VILLAGRAN,12/04/2026,0.784722222,342,346,18.5,40,22.7,100,967.9,0,0
VILLAGRAN,12/04/2026,0.777777778,332,338,15.3,32.8,22.9,100,967.1,0,0
VILLAGRAN,12/04/2026,0.770833333,350,350,13.4,29.2,24.4,100,966.6,0,0
VILLAGRAN,12/04/2026,0.763888889,1,16,8.4,22,24.2,99,965.5,0.2,0
VILLAGRAN,12/04/2026,0.756944444,320,335,9.4,17.3,23.4,100,965.7,0,0
VILLAGRAN,12/04/2026,0.75,347,17,7.9,14.4,23.6,100,965.8,0,0
VILLAGRAN,12/04/2026,0.743055556,35,25,3.4,9.4,23.6,100,965,0,0
VILLAGRAN,12/04/2026,0.736111111,155,137,7.2,20.2,23.7,100,965.3,0,0
VILLAGRAN,12/04/2026,0.729166667,168,170,14.1,30.2,23.8,100,965.8,0,0
VILLAGRAN,12/04/2026,0.722222222,153,143,10.2,20.2,23.9,100,966.5,0,0
VILLAGRAN,12/04/2026,0.715277778,180,166,7.6,22.7,24.1,100,966.5,0.2,0
VILLAGRAN,12/04/2026,0.708333333,165,137,9.2,18.7,24.3,100,966.5,0.2,0
VILLAGRAN,12/04/2026,0.701388889,198,197,5.9,13.7,25.2,99,966.3,0.2,0
VILLAGRAN,12/04/2026,0.694444444,170,174,9.1,15.5,26.5,82,966.4,0,0
VILLAGRAN,12/04/2026,0.6875,160,155,5.7,13.3,27.1,76,966,0,0
VILLAGRAN,12/04/2026,0.680555556,157,152,8.7,19.1,27.5,71,966.1,0,0
VILLAGRAN,12/04/2026,0.673611111,144,132,12.7,23,27.8,70,966,0,0
VILLAGRAN,12/04/2026,0.666666667,131,145,13.9,28.4,28.1,67,965.7,0,0
VILLAGRAN,12/04/2026,0.659722222,119,107,16.6,30.6,28.5,64,965.7,0,96
VILLAGRAN,12/04/2026,0.652777778,118,112,18.3,31,28.7,64,965.9,0,61
VILLAGRAN,12/04/2026,0.645833333,119,135,21.2,36.4,29.4,60,965.9,0,201
VILLAGRAN,12/04/2026,0.638888889,116,127,20.4,38.2,29.8,58,966,0,236
VILLAGRAN,12/04/2026,0.631944444,109,88,17.9,33.5,30.6,55,966.1,0,341
VILLAGRAN,12/04/2026,0.625,103,107,13.9,27.7,30.8,55,966.3,0,918
VILLAGRAN,12/04/2026,0.618055556,108,109,13.1,26.3,30.9,54,966.3,0,516
VILLAGRAN,12/04/2026,0.611111111,116,146,10.6,20.5,30.3,56,966.4,0,289
VILLAGRAN,12/04/2026,0.604166667,121,126,11.3,23,30.1,56,966.3,0,210
VILLAGRAN,12/04/2026,0.597222222,117,126,12.9,22.7,29.8,56,966.6,0,184
VILLAGRAN,12/04/2026,0.590277778,110,87,10.3,22,29.9,56,966.6,0,122
VILLAGRAN,12/04/2026,0.583333333,122,119,12.9,24.5,29.7,56,966.6,0,184
VILLAGRAN,12/04/2026,0.576388889,122,142,9.9,17.3,29.9,56,966.5,0,157
VILLAGRAN,12/04/2026,0.569444444,136,131,12.4,23,29.9,56,966.7,0,149
VILLAGRAN,12/04/2026,0.5625,127,114,11.3,21.6,31.5,51,966.6,0,1067
VILLAGRAN,12/04/2026,0.555555556,147,146,10.9,25.2,30.8,55,966.8,0,490
VILLAGRAN,12/04/2026,0.548611111,121,140,11,22,30.6,55,967.1,0,857
VILLAGRAN,12/04/2026,0.541666667,40,63,7.4,20.5,30.3,57,967.3,0,376
VILLAGRAN,12/04/2026,0.534722222,90,155,6.4,13,30.9,57,967.4,0,1102
VILLAGRAN,12/04/2026,0.527777778,162,173,8,17.3,30,64,967.7,0,481
VILLAGRAN,12/04/2026,0.520833333,294,170,5.2,13.7,30.2,62,967.8,0,306
VILLAGRAN,12/04/2026,0.513888889,226,200,3.7,14.8,30.1,65,967.9,0,840
VILLAGRAN,12/04/2026,0.506944444,289,147,3.2,9,30.7,61,968,0,420
VILLAGRAN,12/04/2026,0.5,202,198,4.8,13.3,29.1,68,968.2,0,376
VILLAGRAN,12/04/2026,0.493055556,66,114,5.1,12.6,29.6,67,968.1,0,1128
VILLAGRAN,12/04/2026,0.486111111,98,202,4.6,18,29.4,71,968.2,0,385
VILLAGRAN,12/04/2026,0.479166667,220,210,5.4,16.6,30.2,67,968.4,0,1137
VILLAGRAN,12/04/2026,0.472222222,230,216,4.2,10.8,28.2,75,968.5,0,516
VILLAGRAN,12/04/2026,0.465277778,276,254,3.8,10.4,27.8,79,968.7,0,1049
VILLAGRAN,12/04/2026,0.458333333,261,276,2.7,6.1,27,84,968.9,0,656
VILLAGRAN,12/04/2026,0.451388889,290,259,2.3,6.1,25.9,88,969,0,184
VILLAGRAN,12/04/2026,0.444444444,272,279,4.3,12.2,25.3,90,969.1,0,192
VILLAGRAN,12/04/2026,0.4375,266,268,3.3,10.1,24.8,94,969.2,0,122
VILLAGRAN,12/04/2026,0.430555556,249,244,3.7,9,24.8,95,969.1,0,105
VILLAGRAN,12/04/2026,0.423611111,199,180,2.9,10.1,24.9,95,969.1,0,131
VILLAGRAN,12/04/2026,0.416666667,190,208,7.5,14.8,23.9,98,969.2,0,157
VILLAGRAN,12/04/2026,0.409722222,178,169,6.5,15.8,23.8,100,969.1,0,149
VILLAGRAN,12/04/2026,0.402777778,166,190,7.4,16.9,23.4,100,969,0,105
VILLAGRAN,12/04/2026,0.395833333,156,160,12.6,21.6,23.1,100,968.8,0,96
VILLAGRAN,12/04/2026,0.388888889,161,132,10.2,19.1,23.1,100,968.6,0,87
VILLAGRAN,12/04/2026,0.381944444,154,147,9.4,22.7,22.8,100,968.7,0,87
VILLAGRAN,12/04/2026,0.375,147,147,12.3,21.2,22.5,100,968.6,0,79
VILLAGRAN,12/04/2026,0.368055556,140,120,11.2,20.9,22.4,100,968.4,0,61
VILLAGRAN,12/04/2026,0.361111111,140,133,11.3,23.8,22.3,100,968.4,0,26
VILLAGRAN,12/04/2026,0.354166667,148,163,13.5,25.9,22.3,100,968.2,0,35
VILLAGRAN,12/04/2026,0.347222222,148,135,15.6,27.4,22.3,100,968,0,44
VILLAGRAN,12/04/2026,0.340277778,147,139,15.9,31.7,22.2,100,967.8,0,44
VILLAGRAN,12/04/2026,0.333333333,154,141,16.3,27.7,22.1,100,967.6,0,26
VILLAGRAN,12/04/2026,0.326388889,155,139,18.7,28.1,22,100,967.6,0,70
VILLAGRAN,12/04/2026,0.319444444,155,142,13.8,27.4,21.8,100,967.4,0,35
VILLAGRAN,12/04/2026,0.3125,152,157,11.4,21.2,21.7,100,967.4,0,0
VILLAGRAN,12/04/2026,0.305555556,150,144,10.8,19.1,21.7,100,967.4,0,0
VILLAGRAN,12/04/2026,0.298611111,160,172,9.5,15.8,21.7,100,967.3,0,0
VILLAGRAN,12/04/2026,0.291666667,155,170,12,23.4,21.7,100,967.2,0,0
VILLAGRAN,12/04/2026,0.284722222,151,143,11.6,22.7,21.8,100,967.1,0,0
VILLAGRAN,12/04/2026,0.277777778,156,159,9.7,18,21.7,100,967.1,0,0
VILLAGRAN,12/04/2026,0.270833333,150,144,9.6,18,21.7,100,967,0,0
VILLAGRAN,12/04/2026,0.263888889,146,133,8.6,15.5,21.6,100,966.9,0,0
VILLAGRAN,12/04/2026,0.256944444,146,151,8.4,15.1,21.5,100,966.8,0,0
VILLAGRAN,12/04/2026,0.25,153,135,4.1,9,21.4,100,966.8,0,0
VILLAGRAN,12/04/2026,0.243055556,141,147,4.4,14,21.4,100,966.8,0,0
VILLAGRAN,12/04/2026,0.236111111,144,151,6.6,13.3,21.4,100,966.8,0,0
VILLAGRAN,12/04/2026,0.229166667,142,154,8.8,15.8,21.4,100,966.7,0,0
VILLAGRAN,12/04/2026,0.222222222,139,147,7.6,13,21.4,100,966.6,0,0
VILLAGRAN,12/04/2026,0.215277778,147,159,8.2,16.6,21.4,100,966.5,0,0
VILLAGRAN,12/04/2026,0.208333333,145,149,9.7,17.3,21.4,100,966.5,0,0
VILLAGRAN,12/04/2026,0.201388889,141,139,10.1,17.6,21.4,100,966.5,0,0
VILLAGRAN,12/04/2026,0.194444444,138,134,9.5,18.4,21.4,100,966.3,0,0
VILLAGRAN,12/04/2026,0.1875,138,137,8.7,14.4,21.4,100,966.3,0,0
VILLAGRAN,12/04/2026,0.180555556,141,163,9.4,15.5,21.4,100,966.3,0,0
VILLAGRAN,12/04/2026,0.173611111,129,126,8.2,14.4,21.5,100,966.4,0,0
VILLAGRAN,12/04/2026,0.166666667,134,150,8.2,14,21.5,100,966.4,0,0
VILLAGRAN,12/04/2026,0.159722222,143,156,8.7,18.4,21.5,100,966.5,0,0
VILLAGRAN,12/04/2026,0.152777778,143,133,11.3,20.9,21.4,100,966.4,0,0
VILLAGRAN,12/04/2026,0.145833333,148,145,11.6,21.2,21.5,100,966.4,0,0
VILLAGRAN,12/04/2026,0.138888889,148,136,12.8,24.8,21.5,100,966.6,0,0
VILLAGRAN,12/04/2026,0.131944444,144,152,14.6,24.1,21.5,100,966.5,0,0
VILLAGRAN,12/04/2026,0.125,150,150,11.5,22,21.5,100,966.4,0,0
VILLAGRAN,12/04/2026,0.118055556,146,158,11.9,21.2,21.5,100,966.6,0,0
VILLAGRAN,12/04/2026,0.111111111,136,146,12.4,22.7,21.6,100,966.5,0,0
VILLAGRAN,12/04/2026,0.104166667,142,141,12.7,25.6,21.6,100,966.6,0,0
VILLAGRAN,12/04/2026,0.097222222,138,126,13.2,25.9,21.7,100,966.8,0,0
VILLAGRAN,12/04/2026,0.090277778,131,157,12.6,24.1,21.7,100,966.9,0,0
VILLAGRAN,12/04/2026,0.083333333,122,147,13.9,22.3,21.8,100,967.2,0,0
VILLAGRAN,12/04/2026,0.076388889,129,139,10.9,18.4,22,100,967.5,0,0
VILLAGRAN,12/04/2026,0.069444444,132,158,10.7,23,22.1,100,967.9,0,0
VILLAGRAN,12/04/2026,0.0625,124,133,10.4,19.8,22.1,100,968.3,0,0
VILLAGRAN,12/04/2026,0.055555556,132,119,10.3,21.2,22.1,100,968.3,0,0
VILLAGRAN,12/04/2026,0.048611111,141,130,11.2,21.6,22.2,100,968.5,0,0
VILLAGRAN,12/04/2026,0.041666667,135,131,12.5,23.4,22.2,100,968.6,0,0
VILLAGRAN,12/04/2026,0.034722222,127,123,15.3,24.5,22.2,100,968.6,0,0
VILLAGRAN,12/04/2026,0.027777778,125,139,15.1,31.7,22.3,100,968.7,0,0
VILLAGRAN,12/04/2026,0.020833333,126,121,14.5,24.1,22.4,100,968.8,0,0
VILLAGRAN,12/04/2026,0.013888889,143,146,15.4,25.9,22.5,100,968.9,0,0
VILLAGRAN,12/04/2026,0.006944444,144,163,15.4,26.3,22.6,100,969,0,0
VILLAGRAN,12/04/2026,0,155,153,13.2,29.9,22.7,100,969.1,0,0
VILLAGRAN,11/04/2026,0.993055556,157,160,12.3,28.4,22.8,100,969.1,0,0
VILLAGRAN,11/04/2026,0.986111111,144,149,8.9,19.1,22.9,100,969,0,0
VILLAGRAN,11/04/2026,0.979166667,128,146,8,14.8,23,100,969,0,0
VILLAGRAN,11/04/2026,0.972222222,137,115,8.9,19.1,23,100,969.1,0,0
VILLAGRAN,11/04/2026,0.965277778,132,148,10.1,23.4,23,100,969.1,0,0
VILLAGRAN,11/04/2026,0.958333333,142,134,10.7,20.5,23.1,100,969.2,0,0
VILLAGRAN,11/04/2026,0.951388889,129,129,11,19.8,23.1,100,969.2,0,0
VILLAGRAN,11/04/2026,0.944444444,143,134,10.2,19.4,23.3,100,969.4,0,0
VILLAGRAN,11/04/2026,0.9375,127,133,10.1,17.6,23.3,100,969.4,0,0
VILLAGRAN,11/04/2026,0.930555556,131,116,13.4,27,23.4,100,969.4,0,0
VILLAGRAN,11/04/2026,0.923611111,129,144,15.9,28.1,23.5,100,969.2,0,0
VILLAGRAN,11/04/2026,0.916666667,121,122,12.7,21.6,23.6,99,969.2,0,0
VILLAGRAN,11/04/2026,0.909722222,128,158,14.1,30.2,23.7,98,969.1,0,0
VILLAGRAN,11/04/2026,0.902777778,137,139,13.2,25.2,23.8,97,968.9,0,0
VILLAGRAN,11/04/2026,0.895833333,142,129,15.5,31.7,23.9,96,968.7,0,0
VILLAGRAN,11/04/2026,0.888888889,130,115,18,32.8,24.1,95,968.7,0,0
VILLAGRAN,11/04/2026,0.881944444,118,133,15.9,31.7,24.2,94,968.5,0,0
VILLAGRAN,11/04/2026,0.875,127,130,17.5,33.5,24.4,93,968.4,0,0
VILLAGRAN,11/04/2026,0.868055556,118,118,15.6,31.7,24.5,92,968.3,0,0
VILLAGRAN,11/04/2026,0.861111111,121,112,16.6,31.3,24.7,91,968.3,0,0
VILLAGRAN,11/04/2026,0.854166667,122,140,15.7,27.4,24.8,90,968.2,0,0
VILLAGRAN,11/04/2026,0.847222222,132,137,15.3,29.2,24.9,89,968,0,0
VILLAGRAN,11/04/2026,0.840277778,124,108,18.7,35.3,25.1,88,968,0,0
VILLAGRAN,11/04/2026,0.833333333,130,121,19.8,34.6,25.3,87,967.7,0,0
VILLAGRAN,11/04/2026,0.826388889,130,134,20.4,40.7,25.6,85,967.5,0,0
VILLAGRAN,11/04/2026,0.819444444,132,102,21.6,36.7,25.8,84,967.4,0,0
VILLAGRAN,11/04/2026,0.8125,134,122,17.5,34.2,26.1,81,967.3,0,0
VILLAGRAN,11/04/2026,0.805555556,142,150,15.6,30.2,26.4,78,967.4,0,0
VILLAGRAN,11/04/2026,0.798611111,144,152,15,24.8,26.6,75,967.3,0,0
VILLAGRAN,11/04/2026,0.791666667,146,154,14.8,28.1,26.8,73,967.1,0,0
VILLAGRAN,11/04/2026,0.784722222,124,131,7.7,15.1,26.7,70,967,0,0
VILLAGRAN,11/04/2026,0.777777778,152,155,5.9,15.5,26.8,70,966.8,0,0
VILLAGRAN,11/04/2026,0.770833333,177,180,6.3,10.8,26.9,67,966.6,0,0
VILLAGRAN,11/04/2026,0.763888889,148,162,4,11.2,27.2,66,966.6,0,0
VILLAGRAN,11/04/2026,0.756944444,163,178,3.5,10.1,27.4,65,966.7,0,0
VILLAGRAN,11/04/2026,0.75,172,203,5.4,10.1,27.6,64,966.6,0,0
VILLAGRAN,11/04/2026,0.743055556,179,166,4.4,10.1,27.8,63,966.5,0,17
VILLAGRAN,11/04/2026,0.736111111,191,202,3.5,10.8,27.9,64,966.5,0,44
VILLAGRAN,11/04/2026,0.729166667,208,218,6.7,13.3,28.1,62,966.4,0,44
VILLAGRAN,11/04/2026,0.722222222,214,214,5.1,13.7,28.5,60,966.4,0,79
VILLAGRAN,11/04/2026,0.715277778,206,204,7.3,13.7,28.7,60,966.5,0,105
VILLAGRAN,11/04/2026,0.708333333,209,211,6.5,12.6,28.7,59,966.6,0,105
VILLAGRAN,11/04/2026,0.701388889,182,175,6.8,12.6,28.7,61,966.6,0,131
VILLAGRAN,11/04/2026,0.694444444,191,175,4.3,7.9,28.8,60,966.6,0,175
VILLAGRAN,11/04/2026,0.6875,209,205,5.9,10.8,28.4,62,966.8,0,105
VILLAGRAN,11/04/2026,0.680555556,211,208,6.7,13,28.4,61,966.9,0,79
VILLAGRAN,11/04/2026,0.673611111,210,219,6.7,12.2,28.8,60,966.9,0,157
VILLAGRAN,11/04/2026,0.666666667,221,229,6.9,16.2,28.7,62,967,0,122
VILLAGRAN,11/04/2026,0.659722222,157,141,10.4,19.4,28.9,60,967,0,131
VILLAGRAN,11/04/2026,0.652777778,156,145,15.1,27.4,28.9,55,967.1,0,166
VILLAGRAN,11/04/2026,0.645833333,155,171,12.1,24.5,28.9,55,967.1,0,201
VILLAGRAN,11/04/2026,0.638888889,150,148,10,21.6,29.2,55,967.3,0,157
VILLAGRAN,11/04/2026,0.631944444,141,131,11.4,19.8,28.7,58,967.4,0,271
VILLAGRAN,11/04/2026,0.625,156,173,12.3,20.5,29.3,58,967.4,0,350
VILLAGRAN,11/04/2026,0.618055556,151,145,15.5,25.6,29,57,967.5,0,341
VILLAGRAN,11/04/2026,0.611111111,139,121,10,22,28.8,59,967.6,0,297
VILLAGRAN,11/04/2026,0.604166667,158,176,10.8,21.6,29.1,60,967.8,0,359
VILLAGRAN,11/04/2026,0.597222222,175,200,10,23,28.9,61,967.9,0,525
VILLAGRAN,11/04/2026,0.590277778,167,171,8.1,22.3,28.2,65,968.1,0,402
VILLAGRAN,11/04/2026,0.583333333,198,222,6.8,16.6,28,68,968.3,0,271
VILLAGRAN,11/04/2026,0.576388889,191,201,7.2,15.5,28,72,968.4,0,262
VILLAGRAN,11/04/2026,0.569444444,185,196,9.3,16.2,27.9,70,968.5,0,271
VILLAGRAN,11/04/2026,0.5625,163,218,10.6,23.8,27.7,71,968.7,0,210
VILLAGRAN,11/04/2026,0.555555556,148,105,10,22,28,68,968.8,0,262
VILLAGRAN,11/04/2026,0.548611111,173,128,9.1,22.3,28.6,66,969,0,612
VILLAGRAN,11/04/2026,0.541666667,156,133,10.4,20.5,28.3,69,969.1,0,437
VILLAGRAN,11/04/2026,0.534722222,201,221,11.6,23.8,29,66,969.3,0,1233
VILLAGRAN,11/04/2026,0.527777778,144,137,13.5,24.1,28,71,969.6,0,708
VILLAGRAN,11/04/2026,0.520833333,169,164,9.9,21.6,27.9,71,969.8,0,429
VILLAGRAN,11/04/2026,0.513888889,172,178,11.4,28.1,26.7,77,970,0,542
VILLAGRAN,11/04/2026,0.506944444,187,191,10.4,20.5,27.2,75,970.1,0,402
VILLAGRAN,11/04/2026,0.5,180,199,12.3,27.4,26.7,79,970.3,0,464
VILLAGRAN,11/04/2026,0.493055556,173,171,9.7,23,25.8,82,970.4,0,367
VILLAGRAN,11/04/2026,0.486111111,177,211,10.4,20.2,26,84,970.4,0,673
VILLAGRAN,11/04/2026,0.479166667,191,195,10.8,22.7,26,87,970.6,0,437
VILLAGRAN,11/04/2026,0.472222222,203,214,10.7,20.5,25.7,86,970.8,0,1076
VILLAGRAN,11/04/2026,0.465277778,201,224,9.4,21.6,26.3,85,970.9,0,542
VILLAGRAN,11/04/2026,0.458333333,192,216,9.9,21.2,25.3,87,971,0,551
VILLAGRAN,11/04/2026,0.451388889,196,196,10.9,22,24.4,95,971.2,0,892
VILLAGRAN,11/04/2026,0.444444444,180,179,9.3,16.6,23.3,100,971.3,0,324
VILLAGRAN,11/04/2026,0.4375,173,175,9.5,19.4,22.7,100,971.3,0,254
VILLAGRAN,11/04/2026,0.430555556,167,160,10.7,19.1,22.2,100,971.3,0,175
VILLAGRAN,11/04/2026,0.423611111,149,140,9.9,19.4,21.9,100,971.4,0,131
VILLAGRAN,11/04/2026,0.416666667,149,173,10.1,20.5,21.5,100,971.3,0,122
VILLAGRAN,11/04/2026,0.409722222,150,165,10.4,18.7,21.4,100,971.3,0,26
VILLAGRAN,11/04/2026,0.402777778,150,159,12.8,25.6,21.3,100,971.1,0,61
VILLAGRAN,11/04/2026,0.395833333,149,153,14.5,24.8,21.2,100,971,0,61
VILLAGRAN,11/04/2026,0.388888889,130,120,14.2,25.9,21.2,100,970.9,0,52
VILLAGRAN,11/04/2026,0.381944444,130,131,12.6,23,21.1,100,970.9,0,122
VILLAGRAN,11/04/2026,0.375,126,122,11.8,23,21.1,100,970.9,0,70
VILLAGRAN,11/04/2026,0.368055556,121,136,11,18.7,21,100,970.9,0,52
VILLAGRAN,11/04/2026,0.361111111,139,135,12.9,22.3,21,100,971,0,70
VILLAGRAN,11/04/2026,0.354166667,132,136,10.8,22,20.9,100,971,0,70
VILLAGRAN,11/04/2026,0.347222222,139,121,11.5,24.8,20.8,100,971,0,79
VILLAGRAN,11/04/2026,0.340277778,136,156,12.2,22,20.7,100,971,0,79
VILLAGRAN,11/04/2026,0.333333333,132,136,12.5,24.1,20.6,100,971,0,44
VILLAGRAN,11/04/2026,0.326388889,135,134,12.5,22.7,20.7,100,971,0,61
VILLAGRAN,11/04/2026,0.319444444,141,146,11.1,22.3,20.5,100,970.9,0,44
VILLAGRAN,11/04/2026,0.3125,147,143,11.7,22.7,20.5,100,970.9,0,52
VILLAGRAN,11/04/2026,0.305555556,139,140,11.6,20.9,20.4,100,970.9,0,35
VILLAGRAN,11/04/2026,0.298611111,133,142,12.7,23,20.3,100,970.8,0,35
VILLAGRAN,11/04/2026,0.291666667,124,147,13.5,24.1,20.3,100,970.6,0,0
VILLAGRAN,11/04/2026,0.284722222,117,118,11.1,21.2,20.2,100,970.5,0,0
VILLAGRAN,11/04/2026,0.277777778,120,131,11.7,21.6,20.2,100,970.3,0,0
VILLAGRAN,11/04/2026,0.270833333,126,133,11.5,20.2,20.2,100,970.2,0,0
VILLAGRAN,11/04/2026,0.263888889,139,127,10.8,18.7,20.3,100,970.1,0,0
VILLAGRAN,11/04/2026,0.256944444,150,145,11.3,23.8,20.3,100,970.2,0,0
VILLAGRAN,11/04/2026,0.25,151,140,10.9,23.4,20.3,100,970.1,0,0
VILLAGRAN,11/04/2026,0.243055556,158,167,9.2,18.4,20.3,100,970,0,0
VILLAGRAN,11/04/2026,0.236111111,169,174,7.7,14.4,20.3,100,970.1,0,0
VILLAGRAN,11/04/2026,0.229166667,169,166,6.4,13.7,20.3,100,969.9,0,0
VILLAGRAN,11/04/2026,0.222222222,158,168,5.5,10.4,20.3,100,969.8,0,0
VILLAGRAN,11/04/2026,0.215277778,144,137,5.9,13,20.3,100,969.8,0,0
VILLAGRAN,11/04/2026,0.208333333,131,134,8.8,15.1,20.3,100,969.8,0,0
VILLAGRAN,11/04/2026,0.201388889,132,118,10.3,19.8,20.3,100,969.8,0,0
VILLAGRAN,11/04/2026,0.194444444,141,138,10.4,20.9,20.3,100,969.7,0,0
VILLAGRAN,11/04/2026,0.1875,158,169,8.3,16.2,20.4,100,969.7,0,0
VILLAGRAN,11/04/2026,0.180555556,164,156,6.9,12.6,20.4,100,969.7,0,0
VILLAGRAN,11/04/2026,0.173611111,173,160,8,15.8,20.4,100,969.6,0,0
VILLAGRAN,11/04/2026,0.166666667,167,153,6.2,11.9,20.4,100,969.5,0,0
VILLAGRAN,11/04/2026,0.159722222,159,181,7.3,15.1,20.4,100,969.4,0,0
VILLAGRAN,11/04/2026,0.152777778,148,136,7.9,17.6,20.4,100,969.3,0,0
VILLAGRAN,11/04/2026,0.145833333,139,147,6.7,11.9,20.5,100,969.3,0,0
VILLAGRAN,11/04/2026,0.138888889,129,121,6.4,11.5,20.6,100,969.3,0,0
VILLAGRAN,11/04/2026,0.131944444,134,130,7.2,14.4,20.6,100,969.4,0,0
VILLAGRAN,11/04/2026,0.125,134,147,8.1,15.1,20.6,100,969.4,0,0
VILLAGRAN,11/04/2026,0.118055556,124,134,9.8,17.6,20.6,100,969.4,0,0
VILLAGRAN,11/04/2026,0.111111111,121,125,10,16.2,20.7,100,969.5,0,0
VILLAGRAN,11/04/2026,0.104166667,120,119,9.4,15.5,20.7,100,969.5,0,0
VILLAGRAN,11/04/2026,0.097222222,124,137,9.4,17.6,20.7,100,969.6,0,0
VILLAGRAN,11/04/2026,0.090277778,119,120,10.7,17.3,20.8,100,969.6,0,0
VILLAGRAN,11/04/2026,0.083333333,120,130,11.1,20.5,20.8,100,969.6,0,0
VILLAGRAN,11/04/2026,0.076388889,128,141,9.9,15.5,20.8,100,969.7,0,0
VILLAGRAN,11/04/2026,0.069444444,127,121,10.2,19.8,20.8,100,969.8,0,0
VILLAGRAN,11/04/2026,0.0625,124,113,11.1,21.2,20.8,100,969.9,0,0
VILLAGRAN,11/04/2026,0.055555556,120,120,8.9,18,20.8,100,970,0,0
VILLAGRAN,11/04/2026,0.048611111,125,140,10.2,23.4,20.8,100,970,0,0
VILLAGRAN,11/04/2026,0.041666667,120,134,9.6,18.4,20.8,100,970.1,0,0
VILLAGRAN,11/04/2026,0.034722222,115,118,8.1,18.4,20.8,100,970.1,0,0
VILLAGRAN,11/04/2026,0.027777778,127,131,6.3,13.3,20.9,100,970.2,0,0
VILLAGRAN,11/04/2026,0.020833333,120,131,6.7,14,20.9,100,970.2,0,0
VILLAGRAN,11/04/2026,0.013888889,122,129,5.8,11.5,20.9,100,970.3,0,0
VILLAGRAN,11/04/2026,0.006944444,114,95,5.1,8.3,20.9,100,970.3,0,0
VILLAGRAN,11/04/2026,0,129,121,4.9,11.9,20.9,100,970.3,0,0
VILLAGRAN,10/04/2026,0.993055556,124,142,4.5,7.9,20.9,100,970.3,0,0
VILLAGRAN,10/04/2026,0.986111111,106,129,2.7,5.4,20.9,100,970.4,0,0
VILLAGRAN,10/04/2026,0.979166667,130,164,1.5,3.2,20.8,100,970.5,0,0
VILLAGRAN,10/04/2026,0.972222222,76,28,1.2,3.2,20.8,100,970.6,0,0
VILLAGRAN,10/04/2026,0.965277778,288,279,1.6,3.6,20.8,100,970.6,0,0
VILLAGRAN,10/04/2026,0.958333333,320,287,1.3,3.6,20.8,100,970.6,0,0
VILLAGRAN,10/04/2026,0.951388889,317,328,1.2,3.2,20.8,100,970.7,0,0
VILLAGRAN,10/04/2026,0.944444444,270,201,1.9,5.8,20.8,100,970.8,0.2,0
VILLAGRAN,10/04/2026,0.9375,208,218,2.8,5.4,20.7,100,970.9,0.4,0
VILLAGRAN,10/04/2026,0.930555556,196,199,1.9,5.4,20.7,100,970.8,0.2,0
VILLAGRAN,10/04/2026,0.923611111,210,206,2.4,5,20.8,100,970.8,0.2,0
VILLAGRAN,10/04/2026,0.916666667,137,200,2.2,5.8,20.8,100,970.8,0.2,0
VILLAGRAN,10/04/2026,0.909722222,99,129,2.1,8.3,20.8,100,970.8,0.4,0
VILLAGRAN,10/04/2026,0.902777778,50,13,9.8,20.9,20.9,100,970.8,0.8,0
VILLAGRAN,10/04/2026,0.895833333,354,351,8.6,20.9,20.8,100,970.6,1.2,0
VILLAGRAN,10/04/2026,0.888888889,4,13,6.8,16.9,20.7,100,970.6,1.6,0
VILLAGRAN,10/04/2026,0.881944444,359,345,3.3,7.6,21,100,970.5,1.8,0
VILLAGRAN,10/04/2026,0.875,49,89,5.1,10.4,21,100,970.4,1.6,0
VILLAGRAN,10/04/2026,0.868055556,101,93,7.2,15.5,21.2,100,970.4,1.2,0
VILLAGRAN,10/04/2026,0.861111111,69,85,3.5,10.1,21.3,100,970.3,2,0
VILLAGRAN,10/04/2026,0.854166667,250,291,2.2,6.8,21.3,100,970.2,1.6,0
VILLAGRAN,10/04/2026,0.847222222,285,287,3,7.2,21.6,100,969.9,0.4,0
VILLAGRAN,10/04/2026,0.840277778,332,287,2.4,6.1,21.7,100,969.8,0.6,0
VILLAGRAN,10/04/2026,0.833333333,264,247,4.4,11.5,21.9,100,969.7,0.2,0
VILLAGRAN,10/04/2026,0.826388889,291,294,5.3,15.1,22.5,100,969.4,0,0
VILLAGRAN,10/04/2026,0.819444444,303,284,4.9,13.7,23.1,97,969.2,0,0
VILLAGRAN,10/04/2026,0.8125,292,285,5.1,16.2,23.4,93,969.1,0,0
VILLAGRAN,10/04/2026,0.805555556,303,288,8.4,20.2,23.4,92,968.9,0,0
VILLAGRAN,10/04/2026,0.798611111,308,301,7.3,15.8,23.6,92,968.8,0,0
VILLAGRAN,10/04/2026,0.791666667,316,335,7.9,18,23.7,91,968.7,0,0
VILLAGRAN,10/04/2026,0.784722222,325,2,9.1,21.6,23.8,90,968.6,0,0
VILLAGRAN,10/04/2026,0.777777778,341,337,10.1,27.7,24,89,968.6,0,0
VILLAGRAN,10/04/2026,0.770833333,0,338,9.5,24.8,24.2,87,968.5,0,0
VILLAGRAN,10/04/2026,0.763888889,12,28,11.2,23.4,24.4,85,968.5,0,0
VILLAGRAN,10/04/2026,0.756944444,13,25,10.8,25.2,24.6,81,968.4,0,0
VILLAGRAN,10/04/2026,0.75,5,16,11,25.2,24.8,79,968.3,0,0
VILLAGRAN,10/04/2026,0.743055556,13,21,11.1,23.4,24.9,78,968.1,0,0
VILLAGRAN,10/04/2026,0.736111111,13,19,12,24.1,25,79,968.1,0,26
VILLAGRAN,10/04/2026,0.729166667,13,11,13.3,27.7,25.2,79,968,0,35
VILLAGRAN,10/04/2026,0.722222222,8,27,10.5,23.8,25.5,77,968,0,44
VILLAGRAN,10/04/2026,0.715277778,356,12,8.6,19.8,26,74,967.9,0,87
VILLAGRAN,10/04/2026,0.708333333,5,320,8.6,18,26.1,74,967.9,0,105
VILLAGRAN,10/04/2026,0.701388889,341,339,6.3,14.8,26.6,72,967.9,0,96
VILLAGRAN,10/04/2026,0.694444444,8,52,7.4,19.8,26.7,71,967.9,0,105
VILLAGRAN,10/04/2026,0.6875,6,311,7,15.8,27,68,967.9,0,157
VILLAGRAN,10/04/2026,0.680555556,8,36,7.1,18.4,27.1,67,967.9,0,192
VILLAGRAN,10/04/2026,0.673611111,8,19,8.9,21.2,26.7,70,967.8,0,236
VILLAGRAN,10/04/2026,0.666666667,349,345,6.8,16.9,27,67,967.9,0,122
VILLAGRAN,10/04/2026,0.659722222,322,316,3.6,8.3,27.1,65,967.9,0,140
VILLAGRAN,10/04/2026,0.652777778,322,274,3.5,9.7,27.3,68,968,0,96
VILLAGRAN,10/04/2026,0.645833333,270,265,4.2,10.1,28,62,968,0,175
VILLAGRAN,10/04/2026,0.638888889,322,335,4.7,10.1,27.9,61,968.1,0,262
VILLAGRAN,10/04/2026,0.631944444,297,288,4.7,10.4,27.6,64,968.2,0,350
VILLAGRAN,10/04/2026,0.625,278,288,5.5,14,27.2,66,968.3,0,227
VILLAGRAN,10/04/2026,0.618055556,293,291,3.5,9.7,27.7,64,968.4,0,262
VILLAGRAN,10/04/2026,0.611111111,278,286,4.6,11.5,27.7,62,968.5,0,262
VILLAGRAN,10/04/2026,0.604166667,277,297,4,10.4,28,62,968.5,0,315
VILLAGRAN,10/04/2026,0.597222222,299,288,5.1,12.2,27.7,65,968.7,0,306
VILLAGRAN,10/04/2026,0.590277778,303,301,3.3,10.8,27.4,66,968.8,0,324
VILLAGRAN,10/04/2026,0.583333333,286,283,2.9,6.5,27.1,64,968.9,0,219
VILLAGRAN,10/04/2026,0.576388889,282,264,3.8,10.4,27.1,66,969.1,0,210
VILLAGRAN,10/04/2026,0.569444444,270,246,5.2,11.2,27.1,69,969.1,0,315
VILLAGRAN,10/04/2026,0.5625,224,278,3.2,8.6,27.2,68,969.2,0,236
VILLAGRAN,10/04/2026,0.555555556,217,198,6.4,13,27.1,67,969.3,0,289
VILLAGRAN,10/04/2026,0.548611111,179,217,3.8,11.5,27.6,66,969.5,0,446
VILLAGRAN,10/04/2026,0.541666667,327,13,4.2,10.4,26.6,69,969.6,0,1041
VILLAGRAN,10/04/2026,0.534722222,223,196,3,7.6,26.9,69,969.8,0,341
VILLAGRAN,10/04/2026,0.527777778,179,208,5.1,16.2,26.4,72,969.9,0,437
VILLAGRAN,10/04/2026,0.520833333,241,208,2.8,8.3,26.9,67,970,0,560
VILLAGRAN,10/04/2026,0.513888889,265,250,4,11.5,25.7,75,970.1,0,551
VILLAGRAN,10/04/2026,0.506944444,206,204,5.5,14,25,79,970.3,0,289
VILLAGRAN,10/04/2026,0.5,232,250,6.1,15.1,24.9,79,970.4,0,280
VILLAGRAN,10/04/2026,0.493055556,216,218,5.7,14,24.4,83,970.5,0,262
VILLAGRAN,10/04/2026,0.486111111,205,221,5.6,11.9,24,86,970.6,0,254
VILLAGRAN,10/04/2026,0.479166667,194,201,6.7,14.8,23.6,87,970.6,0,192
VILLAGRAN,10/04/2026,0.472222222,179,167,7.5,13.3,23.2,88,970.7,0,280
VILLAGRAN,10/04/2026,0.465277778,196,221,7.3,15.5,23.5,89,970.8,0,219
VILLAGRAN,10/04/2026,0.458333333,187,179,7.1,15.5,23.4,89,970.7,0,254
VILLAGRAN,10/04/2026,0.451388889,197,195,10.1,18.4,22.6,95,970.8,0,201
VILLAGRAN,10/04/2026,0.444444444,197,188,8.6,16.2,22.7,95,970.7,0,175
VILLAGRAN,10/04/2026,0.4375,192,179,9.6,17.6,22.6,97,970.7,0,262
VILLAGRAN,10/04/2026,0.430555556,182,171,10.5,19.4,22.2,96,970.6,0,262
VILLAGRAN,10/04/2026,0.423611111,163,171,10.7,20.2,21.6,100,970.5,0,131
VILLAGRAN,10/04/2026,0.416666667,167,176,10.7,20.2,21.4,100,970.5,0,114
VILLAGRAN,10/04/2026,0.409722222,170,173,12.5,22.3,21.4,100,970.4,0,149
VILLAGRAN,10/04/2026,0.402777778,176,164,11.5,22.7,21.1,100,970.4,0,166
VILLAGRAN,10/04/2026,0.395833333,175,164,10.8,20.9,21.1,100,970.3,0,140
VILLAGRAN,10/04/2026,0.388888889,157,130,12.4,22,21.4,100,970.2,0,175
VILLAGRAN,10/04/2026,0.381944444,138,148,13.6,24.5,20.9,100,970.3,0,603
VILLAGRAN,10/04/2026,0.375,139,164,13.2,23.8,20.4,100,970.2,0,166
VILLAGRAN,10/04/2026,0.368055556,137,145,11.1,19.8,20.3,100,970,0,96
VILLAGRAN,10/04/2026,0.361111111,144,139,10.2,20.2,20.5,100,970,0,157
VILLAGRAN,10/04/2026,0.354166667,134,151,8.3,15.5,20.3,100,969.8,0,175
VILLAGRAN,10/04/2026,0.347222222,132,152,9.5,17.6,20.2,100,969.8,0,122
VILLAGRAN,10/04/2026,0.340277778,133,139,8.7,15.8,19.8,100,969.6,0,149
VILLAGRAN,10/04/2026,0.333333333,133,125,7.5,14,19.3,100,969.5,0,70
VILLAGRAN,10/04/2026,0.326388889,123,119,5.3,10.1,19.2,100,969.5,0,52
VILLAGRAN,10/04/2026,0.319444444,123,120,5,8.6,19.1,100,969.5,0,52
VILLAGRAN,10/04/2026,0.3125,109,121,6.8,13,18.8,100,969.4,0,96
VILLAGRAN,10/04/2026,0.305555556,104,109,8.6,13.7,18.4,100,969.3,0,96
VILLAGRAN,10/04/2026,0.298611111,95,100,8.2,13,18.2,100,969.2,0,17
VILLAGRAN,10/04/2026,0.291666667,104,122,5.9,9,18,100,969.1,0,0
VILLAGRAN,10/04/2026,0.284722222,79,64,4.8,9,18,100,969.1,0,0
VILLAGRAN,10/04/2026,0.277777778,89,69,2.4,4.7,17.9,100,969.1,0,0
VILLAGRAN,10/04/2026,0.270833333,42,84,1.8,4.3,17.8,100,969.3,0,0
VILLAGRAN,10/04/2026,0.263888889,73,78,1.7,5,17.8,100,969.3,0,0
VILLAGRAN,10/04/2026,0.256944444,324,143,2.3,7.9,17.6,100,969.3,0,0
VILLAGRAN,10/04/2026,0.25,35,11,1.5,4,17.6,100,969.4,0,0
VILLAGRAN,10/04/2026,0.243055556,312,296,2.1,5.4,17.7,100,969.2,0,0
VILLAGRAN,10/04/2026,0.236111111,90,156,1.4,3.2,17.6,100,969.2,0,0
VILLAGRAN,10/04/2026,0.229166667,34,48,1.6,3.6,17.6,100,969.2,0,0
VILLAGRAN,10/04/2026,0.222222222,93,84,2.6,4,17.7,100,969.2,0,0
VILLAGRAN,10/04/2026,0.215277778,197,207,1.7,4,17.7,100,969.2,0,0
VILLAGRAN,10/04/2026,0.208333333,269,285,1.5,3.2,17.7,100,969.2,0,0
VILLAGRAN,10/04/2026,0.201388889,4,17,2.1,4,17.6,100,969.3,0,0
VILLAGRAN,10/04/2026,0.194444444,266,248,1.2,2.5,17.6,100,969.4,0,0
VILLAGRAN,10/04/2026,0.1875,203,261,1.1,3.6,17.7,100,969.3,0,0
VILLAGRAN,10/04/2026,0.180555556,262,298,1.8,4,17.7,100,969.4,0,0
VILLAGRAN,10/04/2026,0.173611111,329,294,1.6,5,17.7,100,969.5,0,0
VILLAGRAN,10/04/2026,0.166666667,313,251,1.9,5.8,17.7,100,969.8,0,0
VILLAGRAN,10/04/2026,0.159722222,267,258,2.6,5.4,17.6,100,969.8,0,0
VILLAGRAN,10/04/2026,0.152777778,223,195,3.1,6.8,17.5,100,969.8,0,0
VILLAGRAN,10/04/2026,0.145833333,29,352,3.4,10.1,17.5,100,969.8,0,0
VILLAGRAN,10/04/2026,0.138888889,11,26,3.3,9.7,17.4,100,969.9,0,0
VILLAGRAN,10/04/2026,0.131944444,314,313,8.1,19.1,17.7,100,970,0,0
VILLAGRAN,10/04/2026,0.125,343,358,5.7,20.2,17.8,100,970.3,0,0
VILLAGRAN,10/04/2026,0.118055556,13,16,4.3,16.2,17.8,100,970.1,0.2,0
VILLAGRAN,10/04/2026,0.111111111,310,315,4.4,12.2,17.8,100,970.2,0.2,0
VILLAGRAN,10/04/2026,0.104166667,311,290,5.1,9.7,17.9,100,970,2.6,0
VILLAGRAN,10/04/2026,0.097222222,307,328,7.7,19.4,17.9,100,970.1,4.6,0
VILLAGRAN,10/04/2026,0.090277778,314,309,4.8,14.4,18,100,969.9,7.2,0
VILLAGRAN,10/04/2026,0.083333333,293,271,11.2,26.6,18,100,970.2,9,0
VILLAGRAN,10/04/2026,0.076388889,298,288,6.1,23.4,18.2,100,970.2,4.4,0
VILLAGRAN,10/04/2026,0.069444444,275,212,5.2,13.3,18.2,100,969.7,2.8,0
VILLAGRAN,10/04/2026,0.0625,215,201,5.8,15.1,18.2,100,969.7,2.2,0
VILLAGRAN,10/04/2026,0.055555556,356,18,4.4,11.5,18.2,100,969.6,2.8,0
VILLAGRAN,10/04/2026,0.048611111,343,17,3.9,9,18.2,100,969.4,1.6,0
VILLAGRAN,10/04/2026,0.041666667,213,342,12.2,36.7,18.2,100,969.6,1.6,0
VILLAGRAN,10/04/2026,0.034722222,323,338,9.7,25.6,18.2,100,968.9,0.6,0
VILLAGRAN,10/04/2026,0.027777778,233,208,6.1,17.3,18.2,100,969.4,1.6,0
VILLAGRAN,10/04/2026,0.020833333,243,224,6,19.4,18.5,100,969.2,1.2,0
VILLAGRAN,10/04/2026,0.013888889,150,147,8.1,27.4,18.7,100,969.3,0.6,0
VILLAGRAN,10/04/2026,0.006944444,91,103,10.7,27.4,18.9,100,969.4,0.4,0
VILLAGRAN,10/04/2026,0,49,64,11.7,31.3,18.8,100,969.3,0,0
VILLAGRAN,09/04/2026,0.993055556,84,79,19.2,36.7,18.7,100,969.4,0.2,0
VILLAGRAN,09/04/2026,0.986111111,86,58,19.1,43.9,18.7,100,969.3,0.2,0
VILLAGRAN,09/04/2026,0.979166667,87,90,15,31.3,18.5,100,969.4,0,0
VILLAGRAN,09/04/2026,0.972222222,101,87,15.9,30.6,18.4,100,969.7,0.4,0
VILLAGRAN,09/04/2026,0.965277778,94,89,18.8,32.8,18.6,100,969.7,0,0
VILLAGRAN,09/04/2026,0.958333333,85,94,17.9,32.4,18.6,100,969.9,0.4,0
VILLAGRAN,09/04/2026,0.951388889,107,118,9,25.2,18.5,100,970,0.6,0
VILLAGRAN,09/04/2026,0.944444444,128,115,9.7,23,18.5,100,970.1,1,0
VILLAGRAN,09/04/2026,0.9375,115,128,14.9,31.3,18.7,100,969.9,1,0
VILLAGRAN,09/04/2026,0.930555556,131,120,10.3,24.5,18.6,100,969.8,2.2,0
VILLAGRAN,09/04/2026,0.923611111,322,312,2.3,6.1,18.8,100,969.8,1.8,0
VILLAGRAN,09/04/2026,0.916666667,151,92,6.2,19.8,18.9,100,969.6,0.6,0
VILLAGRAN,09/04/2026,0.909722222,73,59,17.2,31.3,18.9,100,969.2,0.4,0
VILLAGRAN,09/04/2026,0.902777778,81,73,21.9,37.8,19,100,969.1,0.6,0
VILLAGRAN,09/04/2026,0.895833333,83,88,22.4,40,19.2,100,969.2,1.8,0
VILLAGRAN,09/04/2026,0.888888889,89,88,19.9,35.3,19.8,100,969,2.4,0
VILLAGRAN,09/04/2026,0.881944444,92,116,14.3,24.1,20.2,100,968.9,1.2,0
VILLAGRAN,09/04/2026,0.875,76,105,13.2,23,20.6,100,968.9,0.8,0
VILLAGRAN,09/04/2026,0.868055556,72,54,13.7,27.4,20.7,100,968.6,0.8,0
VILLAGRAN,09/04/2026,0.861111111,52,31,15,27.7,20.8,100,968.6,0.4,0
VILLAGRAN,09/04/2026,0.854166667,56,54,16,33.1,20.8,100,968.3,0.6,0
VILLAGRAN,09/04/2026,0.847222222,54,56,11.8,22.7,20.8,100,967.9,0,0
VILLAGRAN,09/04/2026,0.840277778,98,89,5.9,10.8,21.1,100,967.7,0,0
VILLAGRAN,09/04/2026,0.833333333,90,96,8,15.8,21.1,100,967.5,1,0
VILLAGRAN,09/04/2026,0.826388889,112,151,11.8,27.4,21.3,100,967.3,3.2,0
VILLAGRAN,09/04/2026,0.819444444,149,167,11.4,28.8,21.7,100,967.2,6,0
VILLAGRAN,09/04/2026,0.8125,144,123,14.4,33.8,23,94,967.3,0,0
VILLAGRAN,09/04/2026,0.805555556,123,127,21.5,40.7,23.2,92,966.1,0,0
VILLAGRAN,09/04/2026,0.798611111,126,105,19.5,35.6,23.2,92,966.1,0,0
VILLAGRAN,09/04/2026,0.791666667,135,96,19.2,40.3,23,94,965.9,0,0
VILLAGRAN,09/04/2026,0.784722222,135,147,19.8,33.8,23.2,92,965.8,0,0
VILLAGRAN,09/04/2026,0.777777778,132,129,18.8,37.4,23.2,94,965.9,0,0
VILLAGRAN,09/04/2026,0.770833333,126,122,19,39.6,23.1,95,966,0,0
VILLAGRAN,09/04/2026,0.763888889,118,126,18.2,32,23,95,965.9,0,0
VILLAGRAN,09/04/2026,0.756944444,122,133,17.5,33.8,22.9,97,966,0.2,0
VILLAGRAN,09/04/2026,0.75,118,118,15.1,31.7,22.6,100,965.9,1,0
VILLAGRAN,09/04/2026,0.743055556,122,159,15.2,31.7,22.7,100,966.2,0.8,0
VILLAGRAN,09/04/2026,0.736111111,124,106,19.5,35.3,23.2,95,966,0.6,0
VILLAGRAN,09/04/2026,0.729166667,125,130,17.9,36.4,24.7,85,965.9,0.2,0
VILLAGRAN,09/04/2026,0.722222222,121,115,14.4,27.7,24.8,80,966,0,0
VILLAGRAN,09/04/2026,0.715277778,121,119,15.4,29.2,24.8,81,965.9,0,26
VILLAGRAN,09/04/2026,0.708333333,129,131,14.3,28.1,24.7,82,966.1,0,44
VILLAGRAN,09/04/2026,0.701388889,122,131,14.6,28.4,24.7,84,966.3,0,35
VILLAGRAN,09/04/2026,0.694444444,126,143,14.9,30.2,24.4,85,966.3,0,79
VILLAGRAN,09/04/2026,0.6875,127,129,18.5,33.5,24.6,84,966.4,0,44
VILLAGRAN,09/04/2026,0.680555556,121,150,20.4,36.4,24.7,85,966.5,0,44
VILLAGRAN,09/04/2026,0.673611111,141,138,20.9,38.2,24.9,82,966.5,0,0
VILLAGRAN,09/04/2026,0.666666667,169,168,16.1,29.9,26.9,68,966.5,0,87
VILLAGRAN,09/04/2026,0.659722222,175,179,17.2,28.8,26.8,68,966.5,0,341
VILLAGRAN,09/04/2026,0.652777778,169,163,15.6,29.2,26.6,69,966.5,0,210
VILLAGRAN,09/04/2026,0.645833333,151,150,17.3,32.4,26.6,70,966.6,0,254
VILLAGRAN,09/04/2026,0.638888889,159,161,16.9,35.6,26.6,70,966.6,0,140
VILLAGRAN,09/04/2026,0.631944444,143,146,15.6,34.9,27.2,66,966.6,0,131
VILLAGRAN,09/04/2026,0.625,154,156,13,27.7,27.4,66,966.8,0,297
VILLAGRAN,09/04/2026,0.618055556,168,173,17.3,32.4,27.7,66,966.8,0,297
VILLAGRAN,09/04/2026,0.611111111,156,162,18.5,37.8,26.8,71,966.9,0.2,201
VILLAGRAN,09/04/2026,0.604166667,156,151,14.2,30.6,28.7,61,966.9,0,988
VILLAGRAN,09/04/2026,0.597222222,160,176,18,29.9,27.1,68,967.1,0,359
VILLAGRAN,09/04/2026,0.590277778,174,195,16,31.7,27.5,67,967.2,0,394
VILLAGRAN,09/04/2026,0.583333333,159,216,17.7,32.4,28.4,62,967.3,0,1014
VILLAGRAN,09/04/2026,0.576388889,153,169,16.7,29.5,26.5,69,967.3,0,254
VILLAGRAN,09/04/2026,0.569444444,164,178,17.1,31,26.8,71,967.5,0,201
VILLAGRAN,09/04/2026,0.5625,168,122,17.8,33.5,26.6,71,967.6,0,1041
VILLAGRAN,09/04/2026,0.555555556,153,173,19.4,35.3,26.5,72,967.9,0,1093
VILLAGRAN,09/04/2026,0.548611111,158,172,19.2,37.4,25.7,78,968.1,0,341
VILLAGRAN,09/04/2026,0.541666667,160,163,16.2,34.9,25.8,76,968.2,0,1058
VILLAGRAN,09/04/2026,0.534722222,172,167,16.5,30.6,25.5,80,968.3,0,350
VILLAGRAN,09/04/2026,0.527777778,160,138,15.7,34.9,25.7,80,968.5,0,385
VILLAGRAN,09/04/2026,0.520833333,155,152,18.8,33.1,25.9,80,968.8,0,1224
VILLAGRAN,09/04/2026,0.513888889,156,121,17.9,35.3,25.4,80,968.9,0,507
VILLAGRAN,09/04/2026,0.506944444,139,153,17.4,32.4,25.3,83,968.9,0,1032
VILLAGRAN,09/04/2026,0.5,134,112,15.9,25.6,24.6,87,969.1,0,944
VILLAGRAN,09/04/2026,0.493055556,133,120,15,27.7,23.4,94,969.4,0,464
VILLAGRAN,09/04/2026,0.486111111,114,95,12.3,22.7,23,99,969.6,0,280
VILLAGRAN,09/04/2026,0.479166667,128,141,10,16.9,23.2,95,969.8,0,254
VILLAGRAN,09/04/2026,0.472222222,145,133,12.3,23.8,23.4,96,969.8,0,245
VILLAGRAN,09/04/2026,0.465277778,117,113,10.6,21.6,23,96,970,0,376
VILLAGRAN,09/04/2026,0.458333333,124,109,13.6,21.2,22.6,100,970,0,341
VILLAGRAN,09/04/2026,0.451388889,115,103,10.7,19.4,22.4,100,970,0,376
VILLAGRAN,09/04/2026,0.444444444,134,133,13.6,23.4,22.7,100,970,0,262
VILLAGRAN,09/04/2026,0.4375,133,121,14.7,27.7,22.4,100,970,0,411
VILLAGRAN,09/04/2026,0.430555556,129,132,12.7,21.6,22,100,969.9,0,359
VILLAGRAN,09/04/2026,0.423611111,133,127,14.7,25.2,21.8,100,969.9,0,227
VILLAGRAN,09/04/2026,0.416666667,121,140,13.6,27,21.7,100,969.8,0,262
VILLAGRAN,09/04/2026,0.409722222,127,127,11,22.3,21.3,100,969.7,0,201
VILLAGRAN,09/04/2026,0.402777778,136,175,9.6,19.4,21.2,100,969.7,0,227
VILLAGRAN,09/04/2026,0.395833333,131,124,12.7,20.5,21,100,969.6,0,210
VILLAGRAN,09/04/2026,0.388888889,131,126,13.2,21.6,20.7,100,969.5,0,105
VILLAGRAN,09/04/2026,0.381944444,131,161,10.4,18.7,20.6,100,969.4,0,184
VILLAGRAN,09/04/2026,0.375,130,120,8.1,14.4,20.3,100,969.4,0,79
VILLAGRAN,09/04/2026,0.368055556,126,120,8.9,17.6,20.2,100,969.3,0,61
VILLAGRAN,09/04/2026,0.361111111,125,133,9.5,18.4,20,100,969.2,0,61
VILLAGRAN,09/04/2026,0.354166667,120,117,11.5,20.2,19.8,100,969.2,0,26
VILLAGRAN,09/04/2026,0.347222222,117,110,10.3,18.4,19.9,100,969.2,0,26
VILLAGRAN,09/04/2026,0.340277778,130,134,9.9,19.1,19.7,100,969.1,0,35
VILLAGRAN,09/04/2026,0.333333333,129,129,10,19.8,19.6,100,968.9,0,0
VILLAGRAN,09/04/2026,0.326388889,127,148,12.1,22.7,19.6,100,968.7,0,0
VILLAGRAN,09/04/2026,0.319444444,116,139,10.8,20.9,19.6,100,968.7,0,0
VILLAGRAN,09/04/2026,0.3125,117,116,8.7,17.3,19.7,100,968.6,0,0
VILLAGRAN,09/04/2026,0.305555556,119,137,10.9,22.3,19.6,100,968.5,0,0
VILLAGRAN,09/04/2026,0.298611111,116,106,11.4,22.7,19.6,100,968.4,0,0
VILLAGRAN,09/04/2026,0.291666667,125,113,10.5,19.8,19.5,100,968.2,0,0
VILLAGRAN,09/04/2026,0.284722222,140,150,9.4,22,19.7,100,968.1,0,0
VILLAGRAN,09/04/2026,0.277777778,138,132,9.3,16.6,19.6,100,968.1,0,0
VILLAGRAN,09/04/2026,0.270833333,144,140,9.6,18.4,19.6,100,968.1,0,0
VILLAGRAN,09/04/2026,0.263888889,145,145,9.9,19.4,19.6,100,967.9,0,0
VILLAGRAN,09/04/2026,0.256944444,137,157,10.4,19.8,19.6,100,967.7,0,0
VILLAGRAN,09/04/2026,0.25,137,144,11.5,22,19.6,100,967.7,0,0
VILLAGRAN,09/04/2026,0.243055556,133,145,11.9,22,19.6,100,967.6,0,0
VILLAGRAN,09/04/2026,0.236111111,131,133,10.4,19.8,19.6,100,967.5,0,0
VILLAGRAN,09/04/2026,0.229166667,131,133,10.8,21.2,19.6,100,967.6,0,0
VILLAGRAN,09/04/2026,0.222222222,128,133,12.2,20.2,19.6,100,967.5,0,0
VILLAGRAN,09/04/2026,0.215277778,129,128,11.4,20.2,19.7,100,967.6,0,0
VILLAGRAN,09/04/2026,0.208333333,132,134,11.1,20.2,19.7,100,967.6,0,0
VILLAGRAN,09/04/2026,0.201388889,141,119,10,22,19.6,100,967.6,0,0
VILLAGRAN,09/04/2026,0.194444444,133,139,10.1,19.1,19.6,100,967.7,0,0
VILLAGRAN,09/04/2026,0.1875,133,131,7.3,16.2,19.6,100,967.7,0,0
VILLAGRAN,09/04/2026,0.180555556,128,142,8.7,15.8,19.6,100,967.6,0,0
VILLAGRAN,09/04/2026,0.173611111,132,131,8.9,15.8,19.6,100,967.5,0,0
VILLAGRAN,09/04/2026,0.166666667,142,144,9.5,18.7,19.5,100,967.5,0,0
VILLAGRAN,09/04/2026,0.159722222,142,125,9,17.3,19.5,100,967.5,0,0
VILLAGRAN,09/04/2026,0.152777778,142,149,8.1,15.5,19.5,100,967.5,0,0
VILLAGRAN,09/04/2026,0.145833333,143,150,6.2,13.3,19.5,100,967.7,0,0
VILLAGRAN,09/04/2026,0.138888889,136,160,6.8,14.4,19.5,100,967.8,0,0
VILLAGRAN,09/04/2026,0.131944444,124,135,5.8,11.9,19.5,100,967.8,0,0
VILLAGRAN,09/04/2026,0.125,126,126,7,14.4,19.6,100,967.8,0,0
VILLAGRAN,09/04/2026,0.118055556,129,122,6.8,13.3,19.6,100,967.8,0,0
VILLAGRAN,09/04/2026,0.111111111,120,121,7.7,13.7,19.6,100,967.8,0,0
VILLAGRAN,09/04/2026,0.104166667,115,120,8.1,13.3,19.6,100,967.9,0,0
VILLAGRAN,09/04/2026,0.097222222,122,126,9,17.6,19.6,100,968,0,0
VILLAGRAN,09/04/2026,0.090277778,121,135,9.7,18,19.7,100,968.2,0,0
VILLAGRAN,09/04/2026,0.083333333,121,127,9,15.1,19.7,100,968.2,0,0
VILLAGRAN,09/04/2026,0.076388889,120,142,8.4,17.3,19.8,100,968.4,0,0
VILLAGRAN,09/04/2026,0.069444444,131,131,5.6,13.7,19.8,100,968.4,0,0
VILLAGRAN,09/04/2026,0.0625,126,133,5.7,9.4,19.8,100,968.6,0,0
VILLAGRAN,09/04/2026,0.055555556,149,143,7.1,14.8,19.8,100,968.6,0,0
VILLAGRAN,09/04/2026,0.048611111,147,149,9.5,17.3,19.8,100,968.7,0,0
VILLAGRAN,09/04/2026,0.041666667,122,147,9.7,19.1,19.7,100,968.7,0.2,0
VILLAGRAN,09/04/2026,0.034722222,115,114,8.7,18.7,19.7,100,968.6,0.6,0
VILLAGRAN,09/04/2026,0.027777778,129,140,8.2,15.5,19.8,100,968.8,0.2,0
VILLAGRAN,09/04/2026,0.020833333,131,132,7.5,13.7,19.7,100,968.9,0,0
VILLAGRAN,09/04/2026,0.013888889,111,137,7.6,14,19.7,100,968.9,0.2,0
VILLAGRAN,09/04/2026,0.006944444,120,144,6.1,14.4,19.6,100,969.1,0.2,0
VILLAGRAN,09/04/2026,0,127,134,7.2,15.1,19.7,100,969.2,0.2,0
VILLAGRAN,08/04/2026,0.993055556,143,151,10.4,20.5,19.7,100,969.3,0.2,0
VILLAGRAN,08/04/2026,0.986111111,158,177,8.1,15.5,19.8,100,969.3,0.2,0
VILLAGRAN,08/04/2026,0.979166667,164,151,8.1,16.6,19.8,100,969.4,0.6,0
VILLAGRAN,08/04/2026,0.972222222,170,163,3.8,8.3,19.8,100,969.4,0.4,0
VILLAGRAN,08/04/2026,0.965277778,153,144,2.1,6.5,19.9,100,969.4,0.4,0
VILLAGRAN,08/04/2026,0.958333333,336,16,1,3.2,19.8,100,969.4,0.4,0
VILLAGRAN,08/04/2026,0.951388889,299,249,1.3,3.2,19.7,100,969.4,0.6,0
VILLAGRAN,08/04/2026,0.944444444,249,210,2,7.2,19.8,100,969.3,0.2,0
VILLAGRAN,08/04/2026,0.9375,254,259,2.3,6.5,19.8,100,969.4,0.6,0
VILLAGRAN,08/04/2026,0.930555556,302,253,1.8,6.5,19.8,100,969.4,0.8,0
VILLAGRAN,08/04/2026,0.923611111,76,171,1.8,8.3,19.8,100,969.4,0.6,0
VILLAGRAN,08/04/2026,0.916666667,138,178,4.6,10.4,19.8,100,969.5,1,0
VILLAGRAN,08/04/2026,0.909722222,127,113,4.7,15.1,19.8,100,969.5,1.2,0
VILLAGRAN,08/04/2026,0.902777778,47,74,2,5,20.1,100,969.4,0.2,0
VILLAGRAN,08/04/2026,0.895833333,84,122,3.3,6.8,20.2,100,969.3,0.4,0
VILLAGRAN,08/04/2026,0.888888889,95,111,2,4.3,20.2,100,969.1,0.6,0
VILLAGRAN,08/04/2026,0.881944444,48,49,2.4,6.5,20.3,100,968.9,0.2,0
VILLAGRAN,08/04/2026,0.875,59,63,3.2,6.1,20.5,100,968.8,0.2,0
VILLAGRAN,08/04/2026,0.868055556,135,153,3.8,14,20.3,100,968.5,0,0
VILLAGRAN,08/04/2026,0.861111111,338,341,2,4,20.6,100,968.3,0,0
VILLAGRAN,08/04/2026,0.854166667,338,302,2.4,5.8,20.6,100,968.1,0,0
VILLAGRAN,08/04/2026,0.847222222,305,314,3.8,7.2,20.9,100,967.9,0,0
VILLAGRAN,08/04/2026,0.840277778,291,292,3.7,11.2,21.3,100,967.7,0.2,0
VILLAGRAN,08/04/2026,0.833333333,260,264,2.3,5,22.4,88,967.6,0,0
VILLAGRAN,08/04/2026,0.826388889,271,299,3.2,9,23,80,967.6,0,0
VILLAGRAN,08/04/2026,0.819444444,296,291,5.6,14.4,23.3,78,967.8,0,0
VILLAGRAN,08/04/2026,0.8125,305,310,8,16.9,23.5,77,967.8,0,0
VILLAGRAN,08/04/2026,0.805555556,295,295,7.3,21.2,23.8,73,967.3,0,0
VILLAGRAN,08/04/2026,0.798611111,317,289,3.8,9.4,24.3,69,966.9,0,0
VILLAGRAN,08/04/2026,0.791666667,305,313,4.9,12.2,24.5,67,966.9,0,0
VILLAGRAN,08/04/2026,0.784722222,319,327,7.4,15.5,24.7,65,966.8,0,0
VILLAGRAN,08/04/2026,0.777777778,328,342,6.4,18.7,24.9,63,966.3,0,0
VILLAGRAN,08/04/2026,0.770833333,322,316,6.6,14.4,24.9,63,966.5,0,0
VILLAGRAN,08/04/2026,0.763888889,337,343,6.2,15.1,25,62,966.6,0,0
VILLAGRAN,08/04/2026,0.756944444,26,301,4.2,17.6,25.2,61,966.3,0,0
VILLAGRAN,08/04/2026,0.75,245,171,3.9,15.1,25.2,61,966.1,0,0
VILLAGRAN,08/04/2026,0.743055556,138,141,4.2,11.9,25.3,59,966,0,0
VILLAGRAN,08/04/2026,0.736111111,153,122,4.2,10.8,25.4,58,965.8,0,0
VILLAGRAN,08/04/2026,0.729166667,202,86,4.8,14.8,25.4,58,965.9,0,0
VILLAGRAN,08/04/2026,0.722222222,129,120,6,19.8,25.6,57,965.9,0,0
VILLAGRAN,08/04/2026,0.715277778,82,104,7.7,19.8,25.7,57,965.9,0,0
VILLAGRAN,08/04/2026,0.708333333,59,90,6.5,17.3,25.8,56,965.8,0,0
VILLAGRAN,08/04/2026,0.701388889,251,339,4.3,12.2,25.9,56,965.8,0,0
VILLAGRAN,08/04/2026,0.694444444,337,302,6.2,18.4,26.2,55,965.8,0,0
VILLAGRAN,08/04/2026,0.6875,1,348,6,15.8,26.3,54,965.7,0,70
VILLAGRAN,08/04/2026,0.680555556,47,48,13,22,26.1,55,965.8,0,87
VILLAGRAN,08/04/2026,0.673611111,86,58,7.8,16.2,26.8,50,965.7,0,105
VILLAGRAN,08/04/2026,0.666666667,134,140,7.8,13.7,26.9,50,965.8,0,87
VILLAGRAN,08/04/2026,0.659722222,127,122,8.2,16.9,26.8,50,965.8,0,79
VILLAGRAN,08/04/2026,0.652777778,126,109,8,17.3,26.8,51,965.8,0,96
VILLAGRAN,08/04/2026,0.645833333,117,139,7.4,14.8,26.8,51,965.9,0,96
VILLAGRAN,08/04/2026,0.638888889,126,141,8.7,17.6,26.9,50,966,0,105
VILLAGRAN,08/04/2026,0.631944444,130,133,6.9,14,26.8,50,966.1,0,105
VILLAGRAN,08/04/2026,0.625,116,117,7.5,19.4,26.9,51,966.2,0,131
VILLAGRAN,08/04/2026,0.618055556,62,104,4.1,10.4,27.1,50,966.1,0,201
VILLAGRAN,08/04/2026,0.611111111,169,148,2.3,9,27.5,47,966.2,0,376
VILLAGRAN,08/04/2026,0.604166667,155,155,6.9,16.2,26.9,49,966.3,0,262
VILLAGRAN,08/04/2026,0.597222222,124,130,7.7,16.9,27,52,966.4,0,297
VILLAGRAN,08/04/2026,0.590277778,109,144,11.3,23.8,26.4,53,966.5,0,289
VILLAGRAN,08/04/2026,0.583333333,64,58,5.8,13.3,27.4,50,966.5,0,289
VILLAGRAN,08/04/2026,0.576388889,75,64,8.2,18,27.1,50,966.8,0,332
VILLAGRAN,08/04/2026,0.569444444,97,116,7.1,20.2,26.9,52,966.8,0,297
VILLAGRAN,08/04/2026,0.5625,106,106,8.1,17.3,27.1,52,966.9,0,778
VILLAGRAN,08/04/2026,0.555555556,108,48,11.6,24.5,27.1,51,967.1,0,997
VILLAGRAN,08/04/2026,0.548611111,193,206,10.7,30.6,26.8,52,967.2,0,376
VILLAGRAN,08/04/2026,0.541666667,143,151,9.3,18,28.5,48,967.1,0,1032
VILLAGRAN,08/04/2026,0.534722222,126,132,10,22.7,25.8,56,967.3,0,306
VILLAGRAN,08/04/2026,0.527777778,158,137,11.4,24.1,26.6,54,967.4,0,1137
VILLAGRAN,08/04/2026,0.520833333,246,211,3.6,9.7,27.1,52,967.6,0,647
VILLAGRAN,08/04/2026,0.513888889,106,73,11.3,21.2,24.6,61,968,0,402
VILLAGRAN,08/04/2026,0.506944444,156,121,8,25.2,27.4,51,968,0,910
VILLAGRAN,08/04/2026,0.5,323,53,5.3,22.7,26.7,55,968.2,0,1023
VILLAGRAN,08/04/2026,0.493055556,127,134,7.9,25.2,26.1,56,968.3,0,297
VILLAGRAN,08/04/2026,0.486111111,109,115,6,20.5,24.8,62,968.4,0,1049
VILLAGRAN,08/04/2026,0.479166667,128,143,8.4,19.8,24.9,60,968.6,0,1032
VILLAGRAN,08/04/2026,0.472222222,122,109,9.5,19.8,24.4,62,968.7,0,1023
VILLAGRAN,08/04/2026,0.465277778,269,134,6.1,15.1,24.2,64,968.8,0,1041
VILLAGRAN,08/04/2026,0.458333333,104,151,6.7,16.9,23.7,67,968.9,0,1006
VILLAGRAN,08/04/2026,0.451388889,22,148,4.8,15.8,23.2,69,969,0,1041
VILLAGRAN,08/04/2026,0.444444444,151,149,8.9,20.9,22.7,72,969,0,359
VILLAGRAN,08/04/2026,0.4375,135,115,10.2,20.9,23.7,69,968.9,0,525
VILLAGRAN,08/04/2026,0.430555556,125,120,8.6,20.5,22.4,75,968.9,0,656
VILLAGRAN,08/04/2026,0.423611111,110,140,8.7,19.1,22.3,73,969,0,429
VILLAGRAN,08/04/2026,0.416666667,126,90,9.8,18.7,22,77,969,0,420
VILLAGRAN,08/04/2026,0.409722222,89,90,8.6,16.9,23.1,70,969,0,621
VILLAGRAN,08/04/2026,0.402777778,93,91,9.8,19.1,22,75,969,0,533
VILLAGRAN,08/04/2026,0.395833333,99,130,9,16.9,21.5,78,969,0,743
VILLAGRAN,08/04/2026,0.388888889,88,127,9.4,18.7,21.5,76,968.9,0,551
VILLAGRAN,08/04/2026,0.381944444,86,117,4.5,11.9,22.8,74,968.9,0,647
VILLAGRAN,08/04/2026,0.375,37,74,5.8,14.8,21.3,82,969,0,638
VILLAGRAN,08/04/2026,0.368055556,22,56,5.4,13,20.8,85,968.9,0,394
VILLAGRAN,08/04/2026,0.361111111,294,288,2.3,6.8,21.8,82,968.8,0,236
VILLAGRAN,08/04/2026,0.354166667,290,349,2.2,5.4,21.6,86,968.7,0,262
VILLAGRAN,08/04/2026,0.347222222,295,252,1.9,4.3,20.4,92,968.6,0,219
VILLAGRAN,08/04/2026,0.340277778,316,298,3,9.4,19.8,96,968.5,0,140
VILLAGRAN,08/04/2026,0.333333333,305,291,4.2,9.4,19.7,96,968.5,0,201
VILLAGRAN,08/04/2026,0.326388889,308,290,4.1,9.7,19.1,100,968.3,0,219
VILLAGRAN,08/04/2026,0.319444444,274,269,3.1,6.5,18.7,100,968.2,0,157
VILLAGRAN,08/04/2026,0.3125,259,255,3.1,6.8,18.5,100,968.1,0,140
VILLAGRAN,08/04/2026,0.305555556,271,272,2.3,6.1,17.7,100,968.2,0,114
VILLAGRAN,08/04/2026,0.298611111,270,262,3.2,7.6,17.1,100,968,0,52
VILLAGRAN,08/04/2026,0.291666667,282,264,2.6,7.9,16.6,100,968,0,26
VILLAGRAN,08/04/2026,0.284722222,286,307,1.4,2.9,16.5,100,967.8,0,17
VILLAGRAN,08/04/2026,0.277777778,303,296,2,4.3,16.5,100,967.7,0,0
VILLAGRAN,08/04/2026,0.270833333,331,247,1.3,2.9,16.2,100,967.5,0,0
VILLAGRAN,08/04/2026,0.263888889,307,292,2,4.3,16.1,100,967.4,0,0
VILLAGRAN,08/04/2026,0.256944444,313,299,1.8,3.2,16.1,100,967.3,0,0
VILLAGRAN,08/04/2026,0.25,323,336,2.2,5,15.9,100,967.2,0,0
VILLAGRAN,08/04/2026,0.243055556,321,292,2.8,4.3,16,100,967.1,0,0
VILLAGRAN,08/04/2026,0.236111111,329,335,2.2,4,16.1,100,967,0,0
VILLAGRAN,08/04/2026,0.229166667,317,291,1.8,3.2,16.1,100,966.9,0,0
VILLAGRAN,08/04/2026,0.222222222,338,341,1.9,3.6,16.1,100,966.9,0,0
VILLAGRAN,08/04/2026,0.215277778,337,322,1.3,2.5,16.2,100,966.8,0,0
VILLAGRAN,08/04/2026,0.208333333,243,275,1.1,3.6,16.3,100,966.7,0,0
VILLAGRAN,08/04/2026,0.201388889,343,8,1.5,4.3,16.6,100,966.7,0,0
VILLAGRAN,08/04/2026,0.194444444,357,2,2.7,4.7,16.7,100,966.6,0,0
VILLAGRAN,08/04/2026,0.1875,296,341,1.6,4,16.8,100,966.6,0,0
VILLAGRAN,08/04/2026,0.180555556,254,244,1.4,4.3,16.9,100,966.6,0,0
VILLAGRAN,08/04/2026,0.173611111,118,110,1.7,4.7,16.6,100,966.5,0,0
VILLAGRAN,08/04/2026,0.166666667,98,106,2.4,5,16.6,100,966.4,0,0
VILLAGRAN,08/04/2026,0.159722222,99,101,1.7,3.2,16.7,100,966.6,0,0
VILLAGRAN,08/04/2026,0.152777778,52,74,2.4,4.7,16.7,100,966.7,0,0
VILLAGRAN,08/04/2026,0.145833333,78,88,2.3,4,16.8,100,966.8,0,0
VILLAGRAN,08/04/2026,0.138888889,131,150,2.6,5.4,16.9,100,966.9,0,0
VILLAGRAN,08/04/2026,0.131944444,111,128,3.4,5.8,17.1,100,966.9,0,0
VILLAGRAN,08/04/2026,0.125,104,112,3.4,6.5,17.1,100,966.8,0,0
VILLAGRAN,08/04/2026,0.118055556,66,54,2.5,5.8,17,100,967,0,0
VILLAGRAN,08/04/2026,0.111111111,119,135,2.7,5,17,100,967.2,0,0
VILLAGRAN,08/04/2026,0.104166667,101,110,3.6,6.8,16.9,100,967.4,0,0
VILLAGRAN,08/04/2026,0.097222222,114,114,4.2,7.2,17.1,100,967.2,0,0
VILLAGRAN,08/04/2026,0.090277778,118,120,4.2,7.2,17.2,100,967.3,0,0
VILLAGRAN,08/04/2026,0.083333333,130,121,4.1,8.3,17.1,100,967.3,0,0
VILLAGRAN,08/04/2026,0.076388889,126,122,3.7,8.6,17.1,100,967.4,0,0
VILLAGRAN,08/04/2026,0.069444444,114,116,2,5.4,17.1,100,967.5,0,0
VILLAGRAN,08/04/2026,0.0625,164,177,1.7,4.7,17,100,967.7,0,0
VILLAGRAN,08/04/2026,0.055555556,147,163,1.8,4,17,100,967.9,0,0
VILLAGRAN,08/04/2026,0.048611111,96,127,1.7,5.4,16.9,100,968,0,0
VILLAGRAN,08/04/2026,0.041666667,134,133,1.7,3.6,17.1,100,968.1,0,0
VILLAGRAN,08/04/2026,0.034722222,148,132,2.2,5.4,17,100,968.2,0,0
VILLAGRAN,08/04/2026,0.027777778,158,161,3.9,8.6,17.3,100,968.4,0,0
VILLAGRAN,08/04/2026,0.020833333,158,152,5.2,10.4,17.5,100,968.5,0,0
VILLAGRAN,08/04/2026,0.013888889,155,158,5,10.1,17.6,100,968.6,0,0
VILLAGRAN,08/04/2026,0.006944444,159,157,7.1,14,17.9,99,968.6,0,0
VILLAGRAN,08/04/2026,0,154,151,7.8,16.9,18.2,96,968.8,0,0
VILLAGRAN,07/04/2026,0.993055556,152,163,7,15.1,18.4,94,968.9,0,0
VILLAGRAN,07/04/2026,0.986111111,148,143,9.6,18,18.7,93,969.1,0,0
VILLAGRAN,07/04/2026,0.979166667,158,151,12.5,24.1,19,90,969.2,0,0
VILLAGRAN,07/04/2026,0.972222222,156,176,14.2,23.4,19.3,88,969.3,0,0
VILLAGRAN,07/04/2026,0.965277778,162,161,13.3,25.6,19.5,87,969.3,0,0
VILLAGRAN,07/04/2026,0.958333333,156,159,13.1,27.7,19.6,84,969.3,0,0
VILLAGRAN,07/04/2026,0.951388889,154,138,13,25.6,19.7,81,969.3,0,0
VILLAGRAN,07/04/2026,0.944444444,159,159,11.1,22.7,19.8,77,969.4,0,0
VILLAGRAN,07/04/2026,0.9375,160,171,12.2,24.5,20.2,71,969.3,0,0
VILLAGRAN,07/04/2026,0.930555556,149,137,8.8,15.5,20.5,67,969.3,0,0
VILLAGRAN,07/04/2026,0.923611111,156,153,8.9,16.9,20.7,65,969.3,0,0
VILLAGRAN,07/04/2026,0.916666667,160,164,9,19.8,20.8,64,969.2,0,0
VILLAGRAN,07/04/2026,0.909722222,182,167,6.6,15.1,20.8,61,969,0,0
VILLAGRAN,07/04/2026,0.902777778,229,226,2.3,6.1,20.6,59,968.9,0,0
VILLAGRAN,07/04/2026,0.895833333,180,180,7.7,13,20.8,57,968.8,0,0
VILLAGRAN,07/04/2026,0.888888889,200,226,5.1,15.8,21.2,54,968.5,0,0
VILLAGRAN,07/04/2026,0.881944444,208,264,4.4,9.4,21.1,55,968.3,0,0
VILLAGRAN,07/04/2026,0.875,360,20,4.4,12.6,21.5,50,968,0,0
VILLAGRAN,07/04/2026,0.868055556,29,53,11.3,27.4,21.8,48,967.8,0,0
VILLAGRAN,07/04/2026,0.861111111,154,67,7.5,23.4,22.1,46,967.7,0,0
VILLAGRAN,07/04/2026,0.854166667,14,15,11,25.9,22.6,46,967,0,0
VILLAGRAN,07/04/2026,0.847222222,47,64,10.2,22.3,23.1,42,966.7,0,0
VILLAGRAN,07/04/2026,0.840277778,46,19,8.3,23.8,23.2,43,966.5,0,0
VILLAGRAN,07/04/2026,0.833333333,14,16,10.4,31,23.3,42,966.4,0,0
VILLAGRAN,07/04/2026,0.826388889,315,298,4.8,11.2,23.1,56,966.3,0,0
VILLAGRAN,07/04/2026,0.819444444,316,312,3.7,8.3,23.3,56,966.7,0,0
VILLAGRAN,07/04/2026,0.8125,9,312,1.8,4.3,23.5,53,966,0,0
VILLAGRAN,07/04/2026,0.805555556,309,340,1.1,2.5,23.6,51,965.7,0,0
VILLAGRAN,07/04/2026,0.798611111,112,111,1.2,4,23.8,51,965.5,0,0
VILLAGRAN,07/04/2026,0.791666667,122,128,3.8,7.2,24.3,46,965.5,0,0
VILLAGRAN,07/04/2026,0.784722222,117,99,3.6,6.5,24.3,45,965.5,0,0
VILLAGRAN,07/04/2026,0.777777778,132,119,3.4,6.1,24.5,44,965.3,0,0
VILLAGRAN,07/04/2026,0.770833333,131,114,4.3,9,24.8,43,965.3,0,0
VILLAGRAN,07/04/2026,0.763888889,136,123,5,10.8,25,42,965.4,0,0
VILLAGRAN,07/04/2026,0.756944444,109,111,6.3,12.6,25.1,41,965.2,0,0
VILLAGRAN,07/04/2026,0.75,132,148,4.7,8.6,25.2,40,965.2,0,0
VILLAGRAN,07/04/2026,0.743055556,110,114,4.7,8.6,25.4,40,965.2,0,35
VILLAGRAN,07/04/2026,0.736111111,110,124,6.9,11.5,25.4,40,965.1,0,52
VILLAGRAN,07/04/2026,0.729166667,127,126,8.6,15.1,25.4,40,965.1,0,52
VILLAGRAN,07/04/2026,0.722222222,136,134,8.9,16.2,25.6,39,965.1,0,96
VILLAGRAN,07/04/2026,0.715277778,142,130,11.2,24.8,25.8,39,965.1,0,131
VILLAGRAN,07/04/2026,0.708333333,141,149,10.4,21.2,25.9,39,965,0,149
VILLAGRAN,07/04/2026,0.701388889,147,131,10.7,20.2,26.2,38,965,0,114
VILLAGRAN,07/04/2026,0.694444444,118,103,8.4,15.5,25.9,37,965.1,0,201
VILLAGRAN,07/04/2026,0.6875,156,162,9.5,18.7,26.2,37,965.2,0,201
VILLAGRAN,07/04/2026,0.680555556,127,108,8.5,19.1,26.3,37,965.1,0,245
VILLAGRAN,07/04/2026,0.673611111,131,124,11.5,24.1,26.1,37,965.2,0,297
VILLAGRAN,07/04/2026,0.666666667,92,55,11.2,20.5,26.4,37,965.2,0,306
VILLAGRAN,07/04/2026,0.659722222,90,78,8,22.3,26.4,36,965.4,0,464
VILLAGRAN,07/04/2026,0.652777778,122,124,12.8,25.2,26.8,36,965.3,0,831
VILLAGRAN,07/04/2026,0.645833333,101,115,11.1,22.7,26.3,36,965.5,0,507
VILLAGRAN,07/04/2026,0.638888889,144,120,10.8,26.3,26.5,36,965.7,0,446
VILLAGRAN,07/04/2026,0.631944444,136,153,7.5,20.2,26.4,35,965.8,0,525
VILLAGRAN,07/04/2026,0.625,95,93,9.1,21.2,26,36,965.9,0,402
VILLAGRAN,07/04/2026,0.618055556,142,135,10.7,21.6,26.5,35,966,0,691
VILLAGRAN,07/04/2026,0.611111111,239,200,3.5,11.5,27,34,966.2,0,350
VILLAGRAN,07/04/2026,0.604166667,116,131,5.8,14,25.9,37,966.4,0,437
VILLAGRAN,07/04/2026,0.597222222,146,157,9.7,21.2,26.1,35,966.6,0,586
VILLAGRAN,07/04/2026,0.590277778,161,118,4.4,11.5,27.5,34,966.7,0,673
VILLAGRAN,07/04/2026,0.583333333,168,154,7.2,18.4,26.4,35,966.9,0,953
VILLAGRAN,07/04/2026,0.576388889,149,139,9.9,22.3,26.4,34,967,0,962
VILLAGRAN,07/04/2026,0.569444444,195,152,9,22.7,25.8,36,967.2,0,971
VILLAGRAN,07/04/2026,0.5625,195,126,9.6,20.9,26.9,33,967.3,0,971
VILLAGRAN,07/04/2026,0.555555556,115,87,11.1,23,26.3,35,967.4,0,997
VILLAGRAN,07/04/2026,0.548611111,185,89,9.6,25.6,25.3,37,967.8,0,1023
VILLAGRAN,07/04/2026,0.541666667,251,263,5.8,16.6,27.4,33,968,0,1032
VILLAGRAN,07/04/2026,0.534722222,176,171,8.2,20.2,25.6,35,968.3,0,708
VILLAGRAN,07/04/2026,0.527777778,238,231,5.8,16.2,26.5,34,968.5,0,936
VILLAGRAN,07/04/2026,0.520833333,161,195,7.2,24.1,26.5,35,968.8,0,1154
VILLAGRAN,07/04/2026,0.513888889,146,142,9.2,20.9,25.2,35,968.9,0,1041
VILLAGRAN,07/04/2026,0.506944444,125,77,8.9,22.7,24.8,37,969.1,0,464
VILLAGRAN,07/04/2026,0.5,105,90,7.7,20.5,24.3,38,969.3,0,1049
VILLAGRAN,07/04/2026,0.493055556,212,244,5.3,15.1,25.3,37,969.5,0,673
VILLAGRAN,07/04/2026,0.486111111,170,219,6.3,15.1,25.4,34,969.7,0,883
VILLAGRAN,07/04/2026,0.479166667,140,134,8.6,19.4,24.9,35,970,0,1154
VILLAGRAN,07/04/2026,0.472222222,174,139,10.2,23.4,23.2,41,970.1,0,647
VILLAGRAN,07/04/2026,0.465277778,100,140,5.4,16.9,24.2,37,970.2,0,997
VILLAGRAN,07/04/2026,0.458333333,162,136,7.1,15.8,22.6,41,970.4,0,840
VILLAGRAN,07/04/2026,0.451388889,212,201,6.2,14,24.2,39,970.4,0,324
VILLAGRAN,07/04/2026,0.444444444,103,92,5.3,12.2,23.9,41,970.5,0,927
VILLAGRAN,07/04/2026,0.4375,209,94,5.9,16.2,23,41,970.7,0,848
VILLAGRAN,07/04/2026,0.430555556,205,157,6.5,15.5,24.1,39,970.6,0,778
VILLAGRAN,07/04/2026,0.423611111,181,235,7.3,17.3,22.9,43,970.7,0,726
VILLAGRAN,07/04/2026,0.416666667,124,145,7.9,18.7,21.8,49,970.5,0,437
VILLAGRAN,07/04/2026,0.409722222,105,123,7.2,16.2,22,49,970.4,0,752
VILLAGRAN,07/04/2026,0.402777778,77,82,5.9,14.8,20.5,55,970.4,0,280
VILLAGRAN,07/04/2026,0.395833333,131,94,6.4,16.2,21.6,52,970.4,0,743
VILLAGRAN,07/04/2026,0.388888889,82,40,6.2,13,20.9,56,970.4,0,612
VILLAGRAN,07/04/2026,0.381944444,92,86,6,13.7,19.9,64,970.5,0,568
